,username,tweet,tweetP
0,Gilly_805,@pussyslayer314 All they know is play candy crush and be racist on facebook,All they know is play candy crush and be racist on facebook
1,llrbbh,candy‚ô° https://t.co/cYVTUEdYWd,candy
2,anamikash009,I'm cool with people dressing up as Eleven for Halloween. I definitely want to open my door and give them candy.TEJRAN SLAYING TOGETHER,I m cool with people dressing up as Eleven for Halloween I definitely want to open my door and give them candy TEJRAN SLAYING TOGETHER
3,greytoru,"üéÑIt's beginning to look a lot like Christmas ‚ùÑÔ∏èEverywhere you go‚è≥Take a look at the five and ten, it's glistening once againüç≠With candy canes and silver lanes that glow #bombcrypto #BCOIN #BSC #GameFi #NFTGame https://t.co/LpzdghaZIk",It s beginning to look a lot like Christmas Everywhere you go Take a look at the five and ten it s glistening once again With candy canes and silver lanes that glow bombcrypto BCOIN BSC GameFi NFTGame
4,taekookplus,Our lovely jubbly and his baby star candy vibing and dancing cutely ü•∫https://t.co/y0gMdMZDQq,Our lovely jubbly and his baby star candy vibing and dancing cutely
5,ultsthv,Our lovely jubbly and his baby star candy vibing and dancing cutely ü•∫https://t.co/y0gMdMZDQq,Our lovely jubbly and his baby star candy vibing and dancing cutely
6,vantaekoobear,taehyung: me                   with my                                   baby star candy https://t.co/iKmkYiYPlW,taehyung me with my baby star candy
7,VEXIKKU,Another Candy Cane #TextileDesign https://t.co/VMkJStOGG6,Another Candy Cane TextileDesign
8,AljawharahMans1,@MaherEbsi @maalbarakati The Cambridge Dictionary of American Idioms says ‚Äúlike taking candy from a baby‚Äù means ‚Äúextremely easy.‚Äù,The Cambridge Dictionary of American Idioms says like taking candy from a baby means extremely easy
9,BotObject,Sushi said Lucario x Cotton Candy is bad!,Sushi said Lucario x Cotton Candy is bad
10,ShadakshariGow3,I'm cool with people dressing up as Eleven for Halloween. I definitely want to open my door and give them candy.TEJRAN SLAYING TOGETHER,I m cool with people dressing up as Eleven for Halloween I definitely want to open my door and give them candy TEJRAN SLAYING TOGETHER
11,vantegohg,taehyung: me                   with my                                   baby star candy https://t.co/iKmkYiYPlW,taehyung me with my baby star candy
12,younas_eman,taehyung: me                   with my                                   baby star candy https://t.co/iKmkYiYPlW,taehyung me with my baby star candy
13,dearleesujeong,141207 Candy Jelly Love üíô‚ñ∂Ô∏è https://t.co/lHhvZA8Dvb#LOVELYZ #Îü¨Î∏îÎ¶¨Ï¶à #BABYSOUL #Î≤†Ïù¥ÎπÑÏÜåÏö∏ #LEESUJEONG #Ïù¥ÏàòÏ†ï @Official_LVLZ @LEESUJEONG https://t.co/CjnI7QjWGP,141207 Candy Jelly Love BABYSOUL LEESUJEONG LVLZ
14,winssscityx,üî• $100K $MMR Sweet Candy Airdrop launchedüç≠üëá$10 $MMR ‚úÖ Follow &amp; reweet‚úÖ Follow telegram group &amp; channel‚úÖ Referral: $3 $MMR Distribution after 1 week endüéâStart here: https://t.co/pavK89lPJuTutorial check: https://t.co/zaIIOgo0yw #airdrop #Giveaways #MMRS,100K MMR Sweet Candy Airdrop launched 10 MMR Follow amp reweet Follow telegram group amp channel Referral 3 MMR Distribution after 1 week end Start here check airdrop Giveaways MMRS
15,bot_nutty,NO ONE ALLOWED TO TOUCH MY CANDY D:,NO ONE ALLOWED TO TOUCH MY CANDY D
16,botshevic,"if neither cities if lab, those cloud as sake, whether against whence, tarn, proper movies, industrial foreheads, himself it's children? Of before every prose indians below free-born carts, though for drench, o along behold candy.",if neither cities if lab those cloud as sake whether against whence tarn proper movies industrial foreheads himself it s children Of before every prose indians below free born carts though for drench o along behold candy
17,maytrixks,Cerulean Candy Canes skins for @froubery @theawesamdude @vGumiho and @Ryguyrocky!!HBomb sweater üôå#ceruleancandycanes #mccfanart #MCCSkins #awesamdudefanart #fruitberriesfanart #gumihofanart #ryguyrockyfanart https://t.co/dbyjgZ8Est,Cerulean Candy Canes skins for and HBomb sweater ceruleancandycanes mccfanart MCCSkins awesamdudefanart fruitberriesfanart gumihofanart ryguyrockyfanart
18,komali_kuncham,I'm cool with people dressing up as Eleven for Halloween. I definitely want to open my door and give them candy.TEJRAN SLAYING TOGETHER,I m cool with people dressing up as Eleven for Halloween I definitely want to open my door and give them candy TEJRAN SLAYING TOGETHER
19,litoltaee,taehyung: me                   with my                                   baby star candy https://t.co/iKmkYiYPlW,taehyung me with my baby star candy
20,RealBrownViking,@Candy_woof Smol cute friendly sleepy,woof Smol cute friendly sleepy
21,my_thv,taehyung: me                   with my                                   baby star candy https://t.co/iKmkYiYPlW,taehyung me with my baby star candy
22,candy_koa1a,SHE IS SO PRETTY https://t.co/yZ2Ckag8es,SHE IS SO PRETTY
23,fluxfm_berlin,"""08.12. 11:03 Uhr: Marcy Playground """"Sex &amp; Candy""""""",08 12 11 03 Uhr Marcy Playground Sex amp Candy
24,printgarageiain,Deep In It Limited edition screen printEdition of 1842 X 29.7cm5 colours on Candy Pink GF Smith paper.¬£45 plus postagehttps://t.co/BcadgkKCld https://t.co/cHtQmL45lb,Deep In It Limited edition screen printEdition of 1842 X 29 7cm5 colours on Candy Pink GF Smith paper 45 plus
25,Nicxs77,"@KrissyPeterssen I just buy brown paper from any shop, Checkers, PnP, stationer. I prefer the matte brown paper, as you can also get a slightly shiny one. Add a little greenery, some twine and maybe a candy cane. (Really not a great photo though) https://t.co/K9KLoFYvFZ",I just buy brown paper from any shop Checkers PnP stationer I prefer the matte brown paper as you can also get a slightly shiny one Add a little greenery some twine and maybe a candy cane Really not a great photo though
26,ArthurMorganP15,@NaconFR @POCOFrance Candy Crush ü§ûüçÄ,Candy Crush
27,PurpleLifeBTS,"Story time:my baby is army confirmed.So. I woke up early today. And usually I a can feel my baby movements,but to day even after an hour of waking up I couldn't feel any movements, and I panicked. Drank some warm water..no use Ate some candy ..no use, walked,, nothing happened",Story time my baby is army confirmed So I woke up early today And usually I a can feel my baby movements but to day even after an hour of waking up I couldn t feel any movements and I panicked Drank some warm water no use Ate some candy no use walked nothing happened
28,Michele99103479,"@FeCrypto @Sik_wit_it_jive @rikoruss31 @thehill She's arm candy and damn cut down the makeup. Her eye makeup gets any heavier she's gonna need a man to let her know what she's looking towards. Come on, the smoky eye is a nice look but her eyes are ready to actually smoke. Anything to hide AGING GRACEFULLY.",wit it jive She s arm candy and damn cut down the makeup Her eye makeup gets any heavier she s gonna need a man to let her know what she s looking towards Come on the smoky eye is a nice look but her eyes are ready to actually smoke Anything to hide AGING GRACEFULLY
29,TejRan77528945,I'm cool with people dressing up as Eleven for Halloween. I definitely want to open my door and give them candy.TEJRAN SLAYING TOGETHER,I m cool with people dressing up as Eleven for Halloween I definitely want to open my door and give them candy TEJRAN SLAYING TOGETHER
30,themecoles,"Stanhope, I was outside with the St*ja girl , and we had this long ass good talk about just I guess our insecurities etc, but before she came over I was walking went to the candy store at this house up the street. I was listening to it. I think I played it like two or 3 times.",Stanhope I was outside with the St ja girl and we had this long ass good talk about just I guess our insecurities etc but before she came over I was walking went to the candy store at this house up the street I was listening to it I think I played it like two or 3 times
31,Candy_BSP_RCIC,@voiceof66216729 Please send email to info@heronlaw.ca,Please send email to info ca
32,pussyslayer314,"seeing old people on social media is crazy cause back in the day they didn‚Äôt even have touchscreens, the tv had an antenna, they witnessed historical events that shaped our country to what it is today, and now they just play candy crush",seeing old people on social media is crazy cause back in the day they didn t even have touchscreens the tv had an antenna they witnessed historical events that shaped our country to what it is today and now they just play candy crush
33,taekthsyndrome,taehyung: me                   with my                                   baby star candy https://t.co/iKmkYiYPlW,taehyung me with my baby star candy
34,ZorokiRed,Blooper using the Bowser Candy. https://t.co/FprgxNpz2X,Blooper using the Bowser Candy
35,kellytupi,It's #NationalCottonCandyDay &amp; what better way to sweeten the day than WINNING shreds of Curveball Cotton Candy ‚ÄºÔ∏èüç¨RT this postüç¨Tag 2 friendsüç¨Comment your favorite Cotton Candy GIFWinner will be announced 12/10 https://t.co/JsNHiEqJ5l,It s NationalCottonCandyDay amp what better way to sweeten the day than WINNING shreds of Curveball Cotton Candy RT this post Tag 2 friends Comment your favorite Cotton Candy GIFWinner will be announced 12 10
36,babygiii,I'm now really crying for the Candy replyüò≠Miss mewgulf so so so so badlyü•∫Hope to see them soonüôèüèª#MewGulf#‡∏´‡∏ß‡∏≤‡∏ô‡πÉ‡∏à‡∏°‡∏¥‡∏ß‡∏Å‡∏•‡∏±‡∏ü https://t.co/NvWtpgas0G,I m now really crying for the Candy reply Miss mewgulf so so so so badly Hope to see them soon MewGulf
37,SanthiyaSuresh7,I'm cool with people dressing up as Eleven for Halloween. I definitely want to open my door and give them candy.TEJRAN SLAYING TOGETHER,I m cool with people dressing up as Eleven for Halloween I definitely want to open my door and give them candy TEJRAN SLAYING TOGETHER
38,DanceMomsMusic,It's #NationalCottonCandyDay &amp; what better way to sweeten the day than WINNING shreds of Curveball Cotton Candy ‚ÄºÔ∏èüç¨RT this postüç¨Tag 2 friendsüç¨Comment your favorite Cotton Candy GIFWinner will be announced 12/10 https://t.co/JsNHiEqJ5l,It s NationalCottonCandyDay amp what better way to sweeten the day than WINNING shreds of Curveball Cotton Candy RT this post Tag 2 friends Comment your favorite Cotton Candy GIFWinner will be announced 12 10
39,itsericsanchez,"üéÑIt's beginning to look a lot like Christmas ‚ùÑÔ∏èEverywhere you go‚è≥Take a look at the five and ten, it's glistening once againüç≠With candy canes and silver lanes that glow #bombcrypto #BCOIN #BSC #GameFi #NFTGame https://t.co/LpzdghaZIk",It s beginning to look a lot like Christmas Everywhere you go Take a look at the five and ten it s glistening once again With candy canes and silver lanes that glow bombcrypto BCOIN BSC GameFi NFTGame
40,Jiniousjoon,"Story time:my baby is army confirmed.So. I woke up early today. And usually I a can feel my baby movements,but to day even after an hour of waking up I couldn't feel any movements, and I panicked. Drank some warm water..no use Ate some candy ..no use, walked,, nothing happened",Story time my baby is army confirmed So I woke up early today And usually I a can feel my baby movements but to day even after an hour of waking up I couldn t feel any movements and I panicked Drank some warm water no use Ate some candy no use walked nothing happened
41,bangtan_tram,taehyung: me                   with my                                   baby star candy https://t.co/iKmkYiYPlW,taehyung me with my baby star candy
42,Leona975,"üéÑIt's beginning to look a lot like Christmas ‚ùÑÔ∏èEverywhere you go‚è≥Take a look at the five and ten, it's glistening once againüç≠With candy canes and silver lanes that glow #bombcrypto #BCOIN #BSC #GameFi #NFTGame https://t.co/LpzdghaZIk",It s beginning to look a lot like Christmas Everywhere you go Take a look at the five and ten it s glistening once again With candy canes and silver lanes that glow bombcrypto BCOIN BSC GameFi NFTGame
43,tejranxfanboy,I'm cool with people dressing up as Eleven for Halloween. I definitely want to open my door and give them candy.TEJRAN SLAYING TOGETHER,I m cool with people dressing up as Eleven for Halloween I definitely want to open my door and give them candy TEJRAN SLAYING TOGETHER
44,taeorso,taehyung: me                   with my                                   baby star candy https://t.co/iKmkYiYPlW,taehyung me with my baby star candy
45,jeonkg_,taehyung: me                   with my                                   baby star candy https://t.co/iKmkYiYPlW,taehyung me with my baby star candy
46,paulh4224,"1/n Maturity of markets change. Make sure your filters do too. Overlook started off allergic to investing in China in the 80‚Äôs. They changed their mind in the 90‚Äôs when they found high quality (See‚Äôs candy-esque) businesses (Kingboard, Weigao). China is now 55% of AUM.",1 n Maturity of markets change Make sure your filters do too Overlook started off allergic to investing in China in the 80 s They changed their mind in the 90 s when they found high quality See s candy esque businesses Kingboard Weigao China is now 55 of AUM
47,TheCraggus,Day 8 of our #ElfMovie #AdventCalendar.Today‚Äôs piece: One third of a candy cane!#countdowntochristmas #buddytheelf https://t.co/86O9PoiXU6,Day 8 of our ElfMovie AdventCalendar Today s piece One third of a candy cane countdowntochristmas buddytheelf
48,buzzfeednifty,From sure-to-please things like candy and cozy robes to heart-tugging finds like personalized puzzles and relationship journals. https://t.co/qwJH5tGd1N,From sure to please things like candy and cozy robes to heart tugging finds like personalized puzzles and relationship journals
49,winterden_,winrina / jiminjeong one shot auCandy https://t.co/snrUWbyogm,winrina jiminjeong one shot auCandy
50,ckausalye,Gotra cannot be distributed as freely as candy. Bengali Brahmin surnames aren't your personal property.Swami Vivekananda mentions in the rules of RKM (which he framed) that Muslims and Christians shd be converted to Hinduism but immediate upanayan samskaras aren't required. https://t.co/zn1T2Fzweg https://t.co/Z3UPxT8TrB,Gotra cannot be distributed as freely as candy Bengali Brahmin surnames aren t your personal property Swami Vivekananda mentions in the rules of RKM which he framed that Muslims and Christians shd be converted to Hinduism but immediate upanayan samskaras aren t required
51,endless_ve,Our lovely jubbly and his baby star candy vibing and dancing cutely ü•∫https://t.co/y0gMdMZDQq,Our lovely jubbly and his baby star candy vibing and dancing cutely
52,kjuri1111,Our lovely jubbly and his baby star candy vibing and dancing cutely ü•∫https://t.co/y0gMdMZDQq,Our lovely jubbly and his baby star candy vibing and dancing cutely
53,kids_bored,Your Kids will love this great candy themed craft https://t.co/xOBoqu2TdM #playdough #candy #homecraft #home,Your Kids will love this great candy themed craft playdough candy homecraft home
54,Villaretauna,taehyung: me                   with my                                   baby star candy https://t.co/iKmkYiYPlW,taehyung me with my baby star candy
55,baekhyunn_candy,"Thanks to the bbhls ONLY to be always so reactive and organized, we can really count on them to defend Baekhyun",Thanks to the bbhls ONLY to be always so reactive and organized we can really count on them to defend Baekhyun
56,MnM_Candy,TRINITY 1ST FULL ALBUM - EP.01 BREATHLIFE AIN'T OVER | JACKIE - PHOTO CONCEPT #04OFFICIAL M/V RELEASE ON 9 DECEMBER 2021 | 7 PM  YOUTUBE : 4NOLOGUE#LifeAintOver_TEASER#TRINITY_EP01BREATH#TRINITY1stFullAlbum#TRINITY_TNT#4NOLOGUE https://t.co/Ic9Y1P0gPe,TRINITY 1ST FULL ALBUM EP 01 BREATHLIFE AIN T OVER JACKIE PHOTO CONCEPT 04OFFICIAL M V RELEASE ON 9 DECEMBER 2021 7 PM YOUTUBE 4NOLOGUE LifeAintOver TEASER TRINITY EP01BREATH TRINITY1stFullAlbum TRINITY TNT 4NOLOGUE
57,Preetty61483335,I Can Be Mean As Fuck. Sweet As Candy. Cold As Water. Evil As Hell Or Loyal As Shoulder. It All Depends On You.TEJRAN SLAYING TOGETHER,I Can Be Mean As Fuck Sweet As Candy Cold As Water Evil As Hell Or Loyal As Shoulder It All Depends On You TEJRAN SLAYING TOGETHER
58,koobaery,taehyung: me                   with my                                   baby star candy https://t.co/iKmkYiYPlW,taehyung me with my baby star candy
59,mac1ntosh420,hey? hey devsis? what the actual fuck. WHY DID YOU CHANGE STORY MODE IT WAS LITERALLY THE ONLY WAY TO GET SOME COOKIES CANDY INGREDIENTS. ?!?!? https://t.co/GyTopWG0ZO,hey hey devsis what the actual fuck WHY DID YOU CHANGE STORY MODE IT WAS LITERALLY THE ONLY WAY TO GET SOME COOKIES CANDY INGREDIENTS
60,BallyknockenHCS,"Later today on Instagram, our @Cfulvio¬†will be sharing her recipe &amp; method for this festive Candy Cane Carprese Platter to shareüéÑüéÑCheck out her Instagram here: https://t.co/SJgDqAFyAI#catherineschristmasrecipes #candycanecarprese #carpreseplatter #mozzarella #tomato https://t.co/JyV1DES2ZT",Later today on Instagram our will be sharing her recipe amp method for this festive Candy Cane Carprese Platter to share Check out her Instagram here candycanecarprese carpreseplatter mozzarella tomato
61,Warpaint_Mag,"Salon System nail expert Julie-Anne Larivi√®re, has created this Candy Cane nail design just in time for Christmas.https://t.co/fWD1Jgfxbd#warpaint_mag #WarpaintExtra #NailArt #StepByStep #Manicure #Gellux #SalonSystem #HomeManicure #christmas #ChristmasNails #NailArtistry https://t.co/o9iFU8xcVx",Salon System nail expert Julie Anne Larivi re has created this Candy Cane nail design just in time for Christmas WarpaintExtra NailArt StepByStep Manicure Gellux SalonSystem HomeManicure christmas ChristmasNails NailArtistry
62,deepspaceradio_,"Candy Store Original Mix Cajua, 100% Of Dissin U, Joint Movement Project - Find A Love -REMASTERED- BC Exclusive - 04 Find A Love (Spencer Kincy Tribute Mix).wav all coming up this hour on https://t.co/zxcC0yMFnd",Candy Store Original Mix Cajua 100 Of Dissin U Joint Movement Project Find A Love REMASTERED BC Exclusive 04 Find A Love Spencer Kincy Tribute Mix wav all coming up this hour on
63,wiseoeglife,The one where songhwa‚Äôs eyes gushed out candy hearts. üòç(also the one where i find out i‚Äôm in this for life. Oh this Canon ep ü•∫‚ù§Ô∏è‚Äçüî•) https://t.co/SDTKjJzd3H,The one where songhwa s eyes gushed out candy hearts also the one where i find out i m in this for life Oh this Canon ep
64,love4tomatoes,new seasonal items have been listed! üíï‚ùÑÔ∏èlook extra festive this christmas with candy canes on your ears and cookies on your head (¬¥‚ñΩ` É∆™)‚ô°link to my shop is in my bio! üíì https://t.co/WFwR0xYxx1,new seasonal items have been listed look extra festive this christmas with candy canes on your ears and cookies on your head link to my shop is in my bio
65,ggg17173,Our lovely jubbly and his baby star candy vibing and dancing cutely ü•∫https://t.co/y0gMdMZDQq,Our lovely jubbly and his baby star candy vibing and dancing cutely
66,positivekirari,"Kirarin looooves all sweet things, like candy, cakes, and cookies..... and the sweetest of all, you~!",Kirarin looooves all sweet things like candy cakes and cookies and the sweetest of all you
67,candy_brides,New photos update https://t.co/3fqRERCbvs,New photos update
68,Lepub,"This Saturday, Clockwork Aeroplane, @oxbowlakemusic and Candy Mountain bring three boisterous sets of unique, original and acoustic music to our ears. ¬£5 on the door. Don't miss it! üé∏üëâ https://t.co/Rbjr4a48wG https://t.co/8iItWKwmK5",This Saturday Clockwork Aeroplane and Candy Mountain bring three boisterous sets of unique original and acoustic music to our ears 5 on the door Don t miss it
69,Vante_gukk,taehyung: me                   with my                                   baby star candy https://t.co/iKmkYiYPlW,taehyung me with my baby star candy
70,suhezzian,taehyung: me                   with my                                   baby star candy https://t.co/iKmkYiYPlW,taehyung me with my baby star candy
71,volspec,Elf &amp; Safety is extremely important for Viktor‚Äôs usual role in Candy Cane manufacturing.This week he has been assisting our qualified First Aiders in making sure our accident procedure and First Aid kits are ready in the unlikely event of an emergency. #ViktorTheVolspecElf https://t.co/Q0qyMj8ajb,Elf amp Safety is extremely important for Viktor s usual role in Candy Cane manufacturing This week he has been assisting our qualified First Aiders in making sure our accident procedure and First Aid kits are ready in the unlikely event of an emergency ViktorTheVolspecElf
72,KitsuragisBong,so far the past 2 days I havemissed yesterday's shiftwoke up latehave an overload of customersso many little things went wrong.almost freaked out w a party of 6 customerssame party wanted a bday thing for a member: we don't do that there.my dog ate a mini candy tonight,so far the past 2 days I havemissed yesterday s shiftwoke up latehave an overload of customersso many little things went wrong almost freaked out w a party of 6 customerssame party wanted a bday thing for a member we don t do that there my dog ate a mini candy tonight
73,StackbitG,"üéÑIt's beginning to look a lot like Christmas ‚ùÑÔ∏èEverywhere you go‚è≥Take a look at the five and ten, it's glistening once againüç≠With candy canes and silver lanes that glow #bombcrypto #BCOIN #BSC #GameFi #NFTGame https://t.co/LpzdghaZIk",It s beginning to look a lot like Christmas Everywhere you go Take a look at the five and ten it s glistening once again With candy canes and silver lanes that glow bombcrypto BCOIN BSC GameFi NFTGame
74,komali_kuncham,I Can Be Mean As Fuck. Sweet As Candy. Cold As Water. Evil As Hell Or Loyal As Shoulder. It All Depends On You.TEJRAN SLAYING TOGETHER,I Can Be Mean As Fuck Sweet As Candy Cold As Water Evil As Hell Or Loyal As Shoulder It All Depends On You TEJRAN SLAYING TOGETHER
75,noevistee,"Owen brought the candy apple to his lips as if to kiss it.Startled, Mithra‚Äôs breath caught in his throat.",Owen brought the candy apple to his lips as if to kiss it Startled Mithra s breath caught in his throat
76,ENOZI_ff,"Swedish Fish (Yes, The Candy) Is Simping For BTS‚Äôs Jinhttps://t.co/ZSh3CppOpW",Swedish Fish Yes The Candy Is Simping For BTS s
77,shalzpt,"""ùë´ùíÇùíö 3 """"ùë∑ùíÇùíïùíÑùíâùíòùíêùíìùíå""""Sweet like a candy üç¨üç≠@Wharf_Ent @zepeto_official#WharfFashionChallenge #ZEPETO https://t.co/MQ6Li5gnuQ""",3 Sweet like a candy Ent official WharfFashionChallenge ZEPETO
78,iwaffleu,unbelievers is not a smut fic its about self acceptance and friendship and relationships and family issues and so much more but all yall talk abt is gold glitter and candy shop im so tired https://t.co/ufcsSZnbO0,unbelievers is not a smut fic its about self acceptance and friendship and relationships and family issues and so much more but all yall talk abt is gold glitter and candy shop im so tired
79,CaliCatWwoman,"""üÜòCODE REDüÜòTBD THU 12/9/21üÜòüíìHIDING, SCARED 2YO WHITE &amp; #TABBY KITTY """"CANDY""""üíìüòæüíîDUMPED 4 BEING BULLIED BY OTHER CATS IN THE HOMEüö®NEEDS #ADOPTION #RESCUE #FOSTER ASAPüö®üö®128966 https://t.co/R1ZFDA4OQrüôèüèΩ#ADOPT #PLEDGE #AdoptDontShop#BROOKLYN #NYCACC #CAT #CatsofTwitter https://t.co/Er6SQpY4O9""",CODE RED TBD THU 12 9 21 HIDING SCARED 2YO WHITE amp TABBY KITTY CANDY DUMPED 4 BEING BULLIED BY OTHER CATS IN THE HOME NEEDS ADOPTION RESCUE FOSTER ASAP 128966 PLEDGE AdoptDontShop BROOKLYN NYCACC CAT CatsofTwitter
80,rmvbroo,taehyung: me                   with my                                   baby star candy https://t.co/iKmkYiYPlW,taehyung me with my baby star candy
81,yourlovebangtan,taehyung: me                   with my                                   baby star candy https://t.co/iKmkYiYPlW,taehyung me with my baby star candy
82,LibertyAID1,"""üÜòCODE REDüÜòTBD THU 12/9/21üÜòüíìHIDING, SCARED 2YO WHITE &amp; #TABBY KITTY """"CANDY""""üíìüòæüíîDUMPED 4 BEING BULLIED BY OTHER CATS IN THE HOMEüö®NEEDS #ADOPTION #RESCUE #FOSTER ASAPüö®üö®128966 https://t.co/R1ZFDA4OQrüôèüèΩ#ADOPT #PLEDGE #AdoptDontShop#BROOKLYN #NYCACC #CAT #CatsofTwitter https://t.co/Er6SQpY4O9""",CODE RED TBD THU 12 9 21 HIDING SCARED 2YO WHITE amp TABBY KITTY CANDY DUMPED 4 BEING BULLIED BY OTHER CATS IN THE HOME NEEDS ADOPTION RESCUE FOSTER ASAP 128966 PLEDGE AdoptDontShop BROOKLYN NYCACC CAT CatsofTwitter
83,fukasenanairo,yfw when as long as oberon eye candy exists nothing else mattersthis is fgo zen,yfw when as long as oberon eye candy exists nothing else mattersthis is fgo zen
84,taellectual1,Our lovely jubbly and his baby star candy vibing and dancing cutely ü•∫https://t.co/y0gMdMZDQq,Our lovely jubbly and his baby star candy vibing and dancing cutely
85,chichiii_7_4,these pictures screams sour candy mv* @blackpink https://t.co/wCKxrxSXC7,these pictures screams sour candy mv
86,KaranArmy18,I Can Be Mean As Fuck. Sweet As Candy. Cold As Water. Evil As Hell Or Loyal As Shoulder. It All Depends On You.TEJRAN SLAYING TOGETHER,I Can Be Mean As Fuck Sweet As Candy Cold As Water Evil As Hell Or Loyal As Shoulder It All Depends On You TEJRAN SLAYING TOGETHER
87,yoonminimoniot7,"#FBSPHGO #TWICE[Pre-order] [Restock]‚ñ™TWICE CANDY BONG Z - PHP 2550ORDER FORM: https://t.co/HVwUvRhano üí∏ Pay half of the price as you orderüí∏ Balance: December 30, 2021 üíØ Official from Korea and SealedüíØ with freebies from our shopüìåNormal ETA https://t.co/dDQO0ZQz2a",FBSPHGO TWICE Pre order Restock TWICE CANDY BONG Z PHP 2550ORDER FORM Pay half of the price as you order Balance December 30 2021 Official from Korea and Sealed with freebies from our shop Normal ETA
88,thiqtan,taehyung: me                   with my                                   baby star candy https://t.co/iKmkYiYPlW,taehyung me with my baby star candy
89,Trash_Candy,#Onmyoji I got a brand new rare skin! Check it out and try your luck!Lo primero es lo primero uwu https://t.co/ChJvAcmVc0,Onmyoji I got a brand new rare skin Check it out and try your luck Lo primero es lo primero uwu
90,Nice40bye,Do not forget to add sorrel gourmet compound in your baking list. To enjoy the smooth and intense flavour try it now..........https://t.co/ZOvZtX54cn#niceconfectionery #byebyebrand #candy #chocolate #lolipop #toffee  #chocolate #byebyebrand #chocolatelover #choco https://t.co/gTtW5TajHN,Do not forget to add sorrel gourmet compound in your baking list To enjoy the smooth and intense flavour try it now byebyebrand candy chocolate lolipop toffee chocolate byebyebrand chocolatelover choco
91,jjkgooogie,taehyung: me                   with my                                   baby star candy https://t.co/iKmkYiYPlW,taehyung me with my baby star candy
92,Candy__Spice,Night City #Cyberpunk2077 https://t.co/YSfDKYx4Em,Night City Cyberpunk2077
93,seonyondan13,Our lovely jubbly and his baby star candy vibing and dancing cutely ü•∫https://t.co/y0gMdMZDQq,Our lovely jubbly and his baby star candy vibing and dancing cutely
94,splendidggukie,taehyung: me                   with my                                   baby star candy https://t.co/iKmkYiYPlW,taehyung me with my baby star candy
95,ca___aaa,taehyung: me                   with my                                   baby star candy https://t.co/iKmkYiYPlW,taehyung me with my baby star candy
96,milkygukkie,taehyung: me                   with my                                   baby star candy https://t.co/iKmkYiYPlW,taehyung me with my baby star candy
97,OuibusOrdinaire,Blooper using the Bowser Candy. https://t.co/FprgxNpz2X,Blooper using the Bowser Candy
98,OHMNNN9,‡∏£‡πâ‡∏≤‡∏ô Sweet Day ‡∏Ç‡∏ô‡∏°‡∏Å‡πá‡∏≠‡∏£‡πà‡∏≠‡∏¢ ‡πÅ‡∏•‡∏∞‡∏´‡∏ô‡∏∏‡πà‡∏°‡πÜ ‡∏Å‡πá‡∏ô‡πà‡∏≤‡∏£‡∏±‡∏ÅDesserts from Sweet Day caf√© are delish and the boys are eye candy too. üç∞üç™ SWEET DAY PIN | ‡πÄ‡∏Ç‡πá‡∏°‡∏Å‡∏•‡∏±‡∏î SWEET DAY https://t.co/tKmC7JUhmn#Bakerboys #GMMTV https://t.co/LdwaQnQPqc,Sweet Day Desserts from Sweet Day caf are delish and the boys are eye candy too SWEET DAY PIN SWEET DAY GMMTV
99,Tiya9597,taehyung: me                   with my                                   baby star candy https://t.co/iKmkYiYPlW,taehyung me with my baby star candy
100,trixie_yerro,taehyung: me                   with my                                   baby star candy https://t.co/iKmkYiYPlW,taehyung me with my baby star candy
101,tejranxfanboy,I Can Be Mean As Fuck. Sweet As Candy. Cold As Water. Evil As Hell Or Loyal As Shoulder. It All Depends On You.TEJRAN SLAYING TOGETHER,I Can Be Mean As Fuck Sweet As Candy Cold As Water Evil As Hell Or Loyal As Shoulder It All Depends On You TEJRAN SLAYING TOGETHER
102,nancypark07,I'm now really crying for the Candy replyüò≠Miss mewgulf so so so so badlyü•∫Hope to see them soonüôèüèª#MewGulf#‡∏´‡∏ß‡∏≤‡∏ô‡πÉ‡∏à‡∏°‡∏¥‡∏ß‡∏Å‡∏•‡∏±‡∏ü https://t.co/NvWtpgas0G,I m now really crying for the Candy reply Miss mewgulf so so so so badly Hope to see them soon MewGulf
103,scheerenberger,"""Legalization = FAIL """"Our findings suggest that cannabis legalization is linked to increased exposures",Legalization FAIL Our findings suggest that cannabis legalization is linked to increased exposures
104,candy_clowns,Scared of Omicron? Have a listen to how they‚Äôre creating something out of nothing ‚¨áÔ∏èFull video in next tweet. https://t.co/bENclBFJT0,Scared of Omicron Have a listen to how they re creating something out of nothing Full video in next tweet
105,Candy_Moon_017,Another win under the MCU belt! ü•á@LokiOfficial is #TheShow of 2021! #PCAs https://t.co/BhsDvqqdlx,Another win under the MCU belt is TheShow of 2021 PCAs
106,XenoGenders_,"&gt; dalgonagendera gender connected to the traditional korean candy dalgona . this gender could be connected to squid game , but doesn't have to becoined by gender-merchant on tumblr!!//#xenogender #xenogenders #xenictwt #MOGAI// https://t.co/zLqhUy5fOi",gt dalgonagendera gender connected to the traditional korean candy dalgona this gender could be connected to squid game but doesn t have to becoined by gender merchant on tumblr xenogender xenogenders xenictwt MOGAI
107,Stress_remover1,@pplR_fake Yr wo roi ki tarha jo candy hoti??? Jske packet me nakli note b dale hote??? Wo cotton candy usy kehte thy burhiya k bal,fake Yr wo roi ki tarha jo candy hoti Jske packet me nakli note b dale hote Wo cotton candy usy kehte thy burhiya k bal
108,DeosTomates,@DeosTomates a new tik tok candy i guess,a new tik tok candy i guess
109,hobson_mlati,"Candy Crush brings in a reported $633,000 a day in¬†revenue",Candy Crush brings in a reported 633 000 a day in revenue
110,Guniorhier,@DeosTomates a new tik tok candy i guess,a new tik tok candy i guess
111,Candy_Moon_017,Holy crap https://t.co/eBOI2NC1fD,Holy crap
112,MINGINAKAMOTO,#JAEHYUN: she thinks she‚Äôs made of candy https://t.co/1d1eHBwH7x,JAEHYUN she thinks she s made of candy
113,Tej04638601,I Can Be Mean As Fuck. Sweet As Candy. Cold As Water. Evil As Hell Or Loyal As Shoulder. It All Depends On You.TEJRAN SLAYING TOGETHER,I Can Be Mean As Fuck Sweet As Candy Cold As Water Evil As Hell Or Loyal As Shoulder It All Depends On You TEJRAN SLAYING TOGETHER
114,byunger_12,""".@B_hundred_Hyun's """"Candy"""" ranks #1 on Deezer's Top South Korea chart. https://t.co/mKbhekRhzi""",hundred Hyun s Candy ranks 1 on Deezer s Top South Korea chart
115,Candy_cherriez,My drawing feels like a memory https://t.co/O20Ef2Tdpf,My drawing feels like a memory
116,bangtandreita7,taehyung: me                   with my                                   baby star candy https://t.co/iKmkYiYPlW,taehyung me with my baby star candy
117,kookprettiest,taehyung: me                   with my                                   baby star candy https://t.co/iKmkYiYPlW,taehyung me with my baby star candy
118,lovrkimth,taehyung: me                   with my                                   baby star candy https://t.co/iKmkYiYPlW,taehyung me with my baby star candy
119,lachimolalart,taehyung: me                   with my                                   baby star candy https://t.co/iKmkYiYPlW,taehyung me with my baby star candy
120,Candy_cherriez,"My bank account and my taste don‚Äôt match, and it really upsets me.",My bank account and my taste don t match and it really upsets me
121,kurtgon15,Heart Shaker so my Candy Pop! #MAMAVOTE #twice,Heart Shaker so my Candy Pop MAMAVOTE twice
122,JakeDault,Holiday Dress #candycanes #bows #holidays #red #supercute #giftsforher #giftshop #RBandME #findyourthing #peppermint https://t.co/mNP98fIVwu,Holiday Dress candycanes bows holidays red supercute giftsforher giftshop RBandME findyourthing peppermint
123,yeonzflr,taehyung: me                   with my                                   baby star candy https://t.co/iKmkYiYPlW,taehyung me with my baby star candy
124,BjikookRKrxt,taehyung: me                   with my                                   baby star candy https://t.co/iKmkYiYPlW,taehyung me with my baby star candy
125,ittoquotebot,"Lollipops are pretty much the best thing ever. The candy tastes awesome, but also, it looks really cool just having a stick hanging out of your mouth. It gives me, like... a real punk kind of vibe. Here, you try it!",Lollipops are pretty much the best thing ever The candy tastes awesome but also it looks really cool just having a stick hanging out of your mouth It gives me like a real punk kind of vibe Here you try it
126,FYChockeytalk,"""üÜòCODE REDüÜòTBD THU 12/9/21üÜòüíìHIDING, SCARED 2YO WHITE &amp; #TABBY KITTY """"CANDY""""üíìüòæüíîDUMPED 4 BEING BULLIED BY OTHER CATS IN THE HOMEüö®NEEDS #ADOPTION #RESCUE #FOSTER ASAPüö®üö®128966 https://t.co/R1ZFDA4OQrüôèüèΩ#ADOPT #PLEDGE #AdoptDontShop#BROOKLYN #NYCACC #CAT #CatsofTwitter https://t.co/Er6SQpY4O9""",CODE RED TBD THU 12 9 21 HIDING SCARED 2YO WHITE amp TABBY KITTY CANDY DUMPED 4 BEING BULLIED BY OTHER CATS IN THE HOME NEEDS ADOPTION RESCUE FOSTER ASAP 128966 PLEDGE AdoptDontShop BROOKLYN NYCACC CAT CatsofTwitter
127,jessicalllovely,@WendyGGA @jacquesmcclary1 I'm doin my paper work. But would be nice to have some eye candy too,I m doin my paper work But would be nice to have some eye candy too
128,Candy_Moon_017,I know you are all psyched about my awards but I just hugged Tom Hiddleston and I'm still in shock,I know you are all psyched about my awards but I just hugged Tom Hiddleston and I m still in shock
129,QuartzUniverse,"So, you from around here? I'm just here on business... I really like your pink fur. You're like the cotton candy of the jungle!",So you from around here I m just here on business I really like your pink fur You re like the cotton candy of the jungle
130,ThaJet2,IT DOESN‚ÄôT MATTER IF YOU WIN THE GRAMMYS‚ÄºÔ∏è You can take your Grammy nomination‚Ä¶ shine it up real nice‚Ä¶ turn it sideways and SHOVE IT UP YOUR CANDY ASS. Cuz 2022‚Ä¶ The Rock is coming‚Ä¶ BACK‚Ä¶ to the music scene https://t.co/C0hK22ghg9,IT DOESN T MATTER IF YOU WIN THE GRAMMYS You can take your Grammy nomination shine it up real nice turn it sideways and SHOVE IT UP YOUR CANDY ASS Cuz 2022 The Rock is coming BACK to the music scene
131,_baekachu_,"@baekhyunn_candy I deactivated bc of this, it gave me anxiety üíÄ",candy I deactivated bc of this it gave me anxiety
132,Metawarslive,"@HodlrDotRocks Well hell. Its finally nice to see people on the blockchain that say that. Most here can wait to stick a chip up the back side , Hey chief when you get tired of BTC it s lole taken candy from babies on this side of the pond.",Well hell Its finally nice to see people on the blockchain that say that Most here can wait to stick a chip up the back side Hey chief when you get tired of BTC it s lole taken candy from babies on this side of the pond
133,venthepenguin,@venthepenguin ‚Äî aus !!‚Äî penguins (they're so cute üò≠)‚Äî candy cane,aus penguins they re so cute candy cane
134,mintan417,Our lovely jubbly and his baby star candy vibing and dancing cutely ü•∫https://t.co/y0gMdMZDQq,Our lovely jubbly and his baby star candy vibing and dancing cutely
135,jeonhvny,Our lovely jubbly and his baby star candy vibing and dancing cutely ü•∫https://t.co/y0gMdMZDQq,Our lovely jubbly and his baby star candy vibing and dancing cutely
136,FrankieMets,It's #NationalCottonCandyDay &amp; what better way to sweeten the day than WINNING shreds of Curveball Cotton Candy ‚ÄºÔ∏èüç¨RT this postüç¨Tag 2 friendsüç¨Comment your favorite Cotton Candy GIFWinner will be announced 12/10 https://t.co/JsNHiEqJ5l,It s NationalCottonCandyDay amp what better way to sweeten the day than WINNING shreds of Curveball Cotton Candy RT this post Tag 2 friends Comment your favorite Cotton Candy GIFWinner will be announced 12 10
137,Arnoldll56431,"üéÑIt's beginning to look a lot like Christmas ‚ùÑÔ∏èEverywhere you go‚è≥Take a look at the five and ten, it's glistening once againüç≠With candy canes and silver lanes that glow #bombcrypto #BCOIN #BSC #GameFi #NFTGame https://t.co/LpzdghaZIk",It s beginning to look a lot like Christmas Everywhere you go Take a look at the five and ten it s glistening once again With candy canes and silver lanes that glow bombcrypto BCOIN BSC GameFi NFTGame
138,maria4L29,"Turkey, eggnog, candy-cane HEY HO",Turkey eggnog candy cane HEY HO
139,bangtan_7_army7,taehyung: me                   with my                                   baby star candy https://t.co/iKmkYiYPlW,taehyung me with my baby star candy
140,baekhyunn_candy,@kimjuncottonOT9 they cover it here and there in 2021üòã,they cover it here and there in 2021
141,rainxtaekook,taehyung: me                   with my                                   baby star candy https://t.co/iKmkYiYPlW,taehyung me with my baby star candy
142,garrodwinter,"Kier, it's an easy home run. It's an open goal. It's candy from a baby.",Kier it s an easy home run It s an open goal It s candy from a baby
143,baekhyunn_candy,@_baekachu_ if this happens they gonna s word me https://t.co/jKwFNQhiXf,baekachu if this happens they gonna s word me
144,ClitInquirer,"As I watch a lot of black movies from the 90‚Äôs and 2000‚Äôs I realize black directors could‚Äôve made a universe out of them.Like in ‚Äúthink like a man‚Äù Regina Hall character name was Candace, a single mom looking for love and in ‚ÄúThe Best Man‚Äù her name was candy, a stripper.",As I watch a lot of black movies from the 90 s and 2000 s I realize black directors could ve made a universe out of them Like in think like a man Regina Hall character name was Candace a single mom looking for love and in The Best Man her name was candy a stripper
145,kootie97,taehyung: me                   with my                                   baby star candy https://t.co/iKmkYiYPlW,taehyung me with my baby star candy
146,thkooky,taehyung: me                   with my                                   baby star candy https://t.co/iKmkYiYPlW,taehyung me with my baby star candy
147,9597priv,taehyung: me                   with my                                   baby star candy https://t.co/iKmkYiYPlW,taehyung me with my baby star candy
148,Sunny81775207,"""@AznableDreams @HeebPunished @jacfalcon @writriverdale @StMarthaCath @theskyscribe Probably so. I think Wreck-It-Ralph was the biggest culmination of the Gen Z innocence during that pre-2014 time.Pre-DLC Season Pass gaming, Dubstep, Owl City, candy, and a relatively wholesome plot of a """"bad guy"""" seeking redemption.It's a time capsule.""",Probably so I think Wreck It Ralph was the biggest culmination of the Gen Z innocence during that pre 2014 time Pre DLC Season Pass gaming Dubstep Owl City candy and a relatively wholesome plot of a bad guy seeking redemption It s a time capsule
149,infinitehui_,IC WTS LFB PHTWICE Official Lightstick Candy Bong Z ver. 2- Onhand- 10/10 condition- The box has some damages but the lightstick itself is in perfect condition- can connect to Bluetoothprice: 1750 (1500 if PAYO)mod: shopee checkoutcan send more proofs via dm https://t.co/h3f2eU0yWR,IC WTS LFB PHTWICE Official Lightstick Candy Bong Z ver 2 Onhand 10 10 condition The box has some damages but the lightstick itself is in perfect condition can connect to Bluetoothprice 1750 1500 if PAYO mod shopee checkoutcan send more proofs via dm
150,Synyster63,@ConcernedinPV @Jetson77 @Argusarrow @jeff77531528 @alshadowdancer @pan_dejo_ @SnoJustis @Angel_13_Rising @AnnieAdeIe1 @EthanolFree90 @Evry1H8sGrtzLOL @Sinner_Lilith @EatMe1369 @ItsBT50 @J0anofSarc @giddy_bunny @Flattielover @CABImages @PennyLynn3 @LadyOfTheOcean1 @Arizona_Sheriff @ThePoorMan95 @LarryWoolfolk2 @NanetteDonnelly @JackSpratCat @PaigeMiIner @cloudzzz757 @LisaNicholo @skeeduu @InfectiousMasc1 @MarkHoliday17 @TreatHunterDog @Emma34770971 @furcopalypse @vistaproper @Klee34036780 @Allie4Christ @IMFletcherLives @waywardmegan15 @jerbear714 @schmevil @imvala @misshellca @RushvilleRockit @Cassie_Cascio @chriscr66024638 @AnaSsassin_ @VinceGottalotta @Grmpyii @SuP3rK You jumped into a convo yesterday saying my kids must not be alright because I‚Äôve adopted 3. I‚Äôve adopted 2. My daughter has epilepsy and became addicted to opioids because the doctors gave them to her like candy. She was 18 when it revealed itself and I had no control. 1/2,dejo 13 Rising Lilith bunny Sheriff Cascio You jumped into a convo yesterday saying my kids must not be alright because I ve adopted 3 I ve adopted 2 My daughter has epilepsy and became addicted to opioids because the doctors gave them to her like candy She was 18 when it revealed itself and I had no control 1 2
151,Luv_Bangtan_OT7,"Story time:my baby is army confirmed.So. I woke up early today. And usually I a can feel my baby movements,but to day even after an hour of waking up I couldn't feel any movements, and I panicked. Drank some warm water..no use Ate some candy ..no use, walked,, nothing happened",Story time my baby is army confirmed So I woke up early today And usually I a can feel my baby movements but to day even after an hour of waking up I couldn t feel any movements and I panicked Drank some warm water no use Ate some candy no use walked nothing happened
152,weelaineylady,"@RebeccaRideal I don‚Äôt know how they sleep at night.Pretty well I suppose, they must do.My uncle died from covid right back at the start of the pandemic, alone. My aunt couldn‚Äôt be with him and few people allowed at his funeral. Yet those people were enjoying nose candy and laughing at us.",I don t know how they sleep at night Pretty well I suppose they must do My uncle died from covid right back at the start of the pandemic alone My aunt couldn t be with him and few people allowed at his funeral Yet those people were enjoying nose candy and laughing at us
153,Candy__Spice,@3mpireTimes @RockstarGames @RedDeadVibes @RedDeadNet @NemesisNat @iEricof @Rum_raisin32 @McRagstig @Dande_Lion55 @azuazu1202luna Thank you Empicorn ü¶Ñ,raisin32 Lion55 Thank you Empicorn
154,yeonseung_,"#FBSPHGO #TWICE[Pre-order] [Restock]‚ñ™TWICE CANDY BONG Z - PHP 2550ORDER FORM: https://t.co/HVwUvRhano üí∏ Pay half of the price as you orderüí∏ Balance: December 30, 2021 üíØ Official from Korea and SealedüíØ with freebies from our shopüìåNormal ETA https://t.co/dDQO0ZQz2a",FBSPHGO TWICE Pre order Restock TWICE CANDY BONG Z PHP 2550ORDER FORM Pay half of the price as you order Balance December 30 2021 Official from Korea and Sealed with freebies from our shop Normal ETA
155,Hellope33507211,Trading neon shadow #adoptme Looking for mega parrot and candy cannon or mega parrot and mega hedgehog or 2 candy cannons and a neon frost dragon or mega crow and mega evil uniThose are what I want for my NFR Shadow comment if u wanna offer my NFR shadow,Trading neon shadow adoptme Looking for mega parrot and candy cannon or mega parrot and mega hedgehog or 2 candy cannons and a neon frost dragon or mega crow and mega evil uniThose are what I want for my NFR Shadow comment if u wanna offer my NFR shadow
156,minpjmz,taehyung: me                   with my                                   baby star candy https://t.co/iKmkYiYPlW,taehyung me with my baby star candy
157,94osh6cityx,üî• $100K $MMR Sweet Candy Airdrop launchedüç≠üëá$10 $MMR ‚úÖ Follow &amp; reweet‚úÖ Follow telegram group &amp; channel‚úÖ Referral: $3 $MMR Distribution after 1 week endüéâStart here: https://t.co/pavK89lPJuTutorial check: https://t.co/zaIIOgo0yw #airdrop #Giveaways #MMRS,100K MMR Sweet Candy Airdrop launched 10 MMR Follow amp reweet Follow telegram group amp channel Referral 3 MMR Distribution after 1 week end Start here check airdrop Giveaways MMRS
158,Mikiiiliii,taehyung: me                   with my                                   baby star candy https://t.co/iKmkYiYPlW,taehyung me with my baby star candy
159,ilwkms,IC WTS LFB PHTWICE Official Lightstick Candy Bong Z ver. 2- Onhand- 10/10 condition- The box has some damages but the lightstick itself is in perfect condition- can connect to Bluetoothprice: 1750 (1500 if PAYO)mod: shopee checkoutcan send more proofs via dm https://t.co/h3f2eU0yWR,IC WTS LFB PHTWICE Official Lightstick Candy Bong Z ver 2 Onhand 10 10 condition The box has some damages but the lightstick itself is in perfect condition can connect to Bluetoothprice 1750 1500 if PAYO mod shopee checkoutcan send more proofs via dm
160,L0VE4JJK,taehyung: me                   with my                                   baby star candy https://t.co/iKmkYiYPlW,taehyung me with my baby star candy
161,taehyflm,taehyung: me                   with my                                   baby star candy https://t.co/iKmkYiYPlW,taehyung me with my baby star candy
162,Pvanteiz,taehyung: me                   with my                                   baby star candy https://t.co/iKmkYiYPlW,taehyung me with my baby star candy
163,jJwoej193,taehyung: me                   with my                                   baby star candy https://t.co/iKmkYiYPlW,taehyung me with my baby star candy
164,PreetieJules,"@luC_candy I am, thanks üòò",candy I am thanks
165,sorijilleoV,taehyung: me                   with my                                   baby star candy https://t.co/iKmkYiYPlW,taehyung me with my baby star candy
166,deeznotlaydz,IC WTS LFB PHTWICE Official Lightstick Candy Bong Z ver. 2- Onhand- 10/10 condition- The box has some damages but the lightstick itself is in perfect condition- can connect to Bluetoothprice: 1750 (1500 if PAYO)mod: shopee checkoutcan send more proofs via dm https://t.co/h3f2eU0yWR,IC WTS LFB PHTWICE Official Lightstick Candy Bong Z ver 2 Onhand 10 10 condition The box has some damages but the lightstick itself is in perfect condition can connect to Bluetoothprice 1750 1500 if PAYO mod shopee checkoutcan send more proofs via dm
167,plushiiegore,My mom got me sour candy belts.I am happy now.,My mom got me sour candy belts I am happy now
168,namorii_,taehyung: me                   with my                                   baby star candy https://t.co/iKmkYiYPlW,taehyung me with my baby star candy
169,Jowellaa17,üî• $100K $MMR Sweet Candy Airdrop launchedüç≠üëá$10 $MMR ‚úÖ Follow &amp; reweet‚úÖ Follow telegram group &amp; channel‚úÖ Referral: $3 $MMR Distribution after 1 week endüéâStart here: https://t.co/pavK89lPJuTutorial check: https://t.co/zaIIOgo0yw #airdrop #Giveaways #MMRS,100K MMR Sweet Candy Airdrop launched 10 MMR Follow amp reweet Follow telegram group amp channel Referral 3 MMR Distribution after 1 week end Start here check airdrop Giveaways MMRS
170,TRUESAY14,@MarciaBarrie @NpsRrt @ljlevine1 @bab_102 @rexzane1 @JtRuss21 @jewel444 @jziggs228 @BlueGME @jbminatra @Helen504 @aaustin30 @gussyupper @MxTuner58 @TRUESAY14 @HeyCanceled @LoveMyKiaraM @DrunkenCrunker Thanks sis ! I adore cotton candy! Have a lovely day sweetie ü§óüçÇüíó https://t.co/wPzz6ZtEzx,102 Thanks sis I adore cotton candy Have a lovely day sweetie
171,sarahmnbpl,"#FBSPHGO #TWICE[Pre-order] [Restock]‚ñ™TWICE CANDY BONG Z - PHP 2550ORDER FORM: https://t.co/HVwUvRhano üí∏ Pay half of the price as you orderüí∏ Balance: December 30, 2021 üíØ Official from Korea and SealedüíØ with freebies from our shopüìåNormal ETA https://t.co/dDQO0ZQz2a",FBSPHGO TWICE Pre order Restock TWICE CANDY BONG Z PHP 2550ORDER FORM Pay half of the price as you order Balance December 30 2021 Official from Korea and Sealed with freebies from our shop Normal ETA
172,ChoiceJosh,@DegenApeAcademy is the reason candy machine exists.@DegenTrashPanda is the reason it's getting an overhaul.Carry on.,is the reason candy machine exists is the reason it s getting an overhaul Carry on
173,winterkth1306,Our lovely jubbly and his baby star candy vibing and dancing cutely ü•∫https://t.co/y0gMdMZDQq,Our lovely jubbly and his baby star candy vibing and dancing cutely
174,JeffaveStl,"Take5 and warm up!  Get ready to work safe!  All employees given big red gum, cinnamon jolly rancher‚Äôs and of course Take 5 candy bar. @ericgriffin86 @dan_mouw @thuberb22 @East_Iowa_UPS @jrindafernshaw https://t.co/Lh5kDzU24x",Take5 and warm up Get ready to work safe All employees given big red gum cinnamon jolly rancher s and of course Take 5 candy bar mouw Iowa UPS
175,Candy_cherriez,"üò≠Please give us an album, this teasing thing ain't it https://t.co/ELPLIkVntZ",Please give us an album this teasing thing ain t it
176,victor52913473,"üéÑIt's beginning to look a lot like Christmas ‚ùÑÔ∏èEverywhere you go‚è≥Take a look at the five and ten, it's glistening once againüç≠With candy canes and silver lanes that glow #bombcrypto #BCOIN #BSC #GameFi #NFTGame https://t.co/LpzdghaZIk",It s beginning to look a lot like Christmas Everywhere you go Take a look at the five and ten it s glistening once again With candy canes and silver lanes that glow bombcrypto BCOIN BSC GameFi NFTGame
177,jeonhvny,taehyung: me                   with my                                   baby star candy https://t.co/iKmkYiYPlW,taehyung me with my baby star candy
178,liyaeng,taehyung: me                   with my                                   baby star candy https://t.co/iKmkYiYPlW,taehyung me with my baby star candy
179,FedoraMask151,"""@AchievementHunt A small moment that still makes me laugh is Matt saying, """"Oh",A small moment that still makes me laugh is Matt saying Oh
180,kwinbigwiiin_,üî• $100K $MMR Sweet Candy Airdrop launchedüç≠üëá$10 $MMR ‚úÖ Follow &amp; reweet‚úÖ Follow telegram group &amp; channel‚úÖ Referral: $3 $MMR Distribution after 1 week endüéâStart here: https://t.co/pavK89lPJuTutorial check: https://t.co/zaIIOgo0yw #airdrop #Giveaways #MMRS,100K MMR Sweet Candy Airdrop launched 10 MMR Follow amp reweet Follow telegram group amp channel Referral 3 MMR Distribution after 1 week end Start here check airdrop Giveaways MMRS
181,vntekuk_,taehyung: me                   with my                                   baby star candy https://t.co/iKmkYiYPlW,taehyung me with my baby star candy
182,Hanya_Candy,$100 GIVEAWAY ‚Ä¢ Retweet &amp; Follow @quizarenaio‚Ä¢ RT their üìå Ends in 24 hours https://t.co/dBOPAFXOXn,100 GIVEAWAY Retweet amp Follow RT their Ends in 24 hours
183,tvhyung_,taehyung: me                   with my                                   baby star candy https://t.co/iKmkYiYPlW,taehyung me with my baby star candy
184,winterbear_0930,taehyung: me                   with my                                   baby star candy https://t.co/iKmkYiYPlW,taehyung me with my baby star candy
185,yuqi_ya,taehyung: me                   with my                                   baby star candy https://t.co/iKmkYiYPlW,taehyung me with my baby star candy
186,veensmoke,@syisla yes me lang to hybrid HAHAHAHAH candy &amp; donut !!,yes me lang to hybrid HAHAHAHAH candy amp donut
187,JakeDault,Candy Shoppe for the Holiday's #RBandME #findyourthing #holidays #giftsforher https://t.co/qwQqssX30X,Candy Shoppe for the Holiday s RBandME findyourthing holidays giftsforher
188,FairysFountain,"ayo to whoever has to stock that cart of candy‚Ä¶im so sorry, butyou üó£ are üó£ fucked üó£ !",ayo to whoever has to stock that cart of candy im so sorry butyou are fucked
189,kth1fms,taehyung: me                   with my                                   baby star candy https://t.co/iKmkYiYPlW,taehyung me with my baby star candy
190,luscifer_reborn,@TheSorites Nice I got a hundo yesterday I done have enough candy or xl to power it up gonna wait,Nice I got a hundo yesterday I done have enough candy or xl to power it up gonna wait
191,Kai_juliamae,@iKON_INTL CandyiKONICS GATHER UP#STANWORLD #iKON @YG_iKONIC,INTL CandyiKONICS GATHER UP STANWORLD iKON iKONIC
192,Hanya_Candy,$100 GIVEAWAY ‚Ä¢ Retweet &amp; Follow @TuffyNFT @LorenzoNFTs @SpadesNFTEnds in 24 hours,100 GIVEAWAY Retweet amp Follow in 24 hours
193,realbryn,"When you zoom a lot of buckle, you feel full of candy cane.",When you zoom a lot of buckle you feel full of candy cane
194,kukii_nom,S-sour candy,S sour candy
195,Carstely,Trading candy set for ew set + adds in mm2,Trading candy set for ew set adds in mm2
196,citlalinunezz,spent an hour playing candy crush.,spent an hour playing candy crush
197,filtxrswan,taehyung: me                   with my                                   baby star candy https://t.co/iKmkYiYPlW,taehyung me with my baby star candy
198,flwrtaekookk,Our lovely jubbly and his baby star candy vibing and dancing cutely ü•∫https://t.co/y0gMdMZDQq,Our lovely jubbly and his baby star candy vibing and dancing cutely
199,veensmoke,@putanginangun candy &amp; lollipop !!!!,candy amp lollipop
200,rxnxsmxx_,the lovely jubbly üî• with his baby star candy üåü https://t.co/hQ6DLx3A7k,the lovely jubbly with his baby star candy
201,angreys_,@element115081 u can just call me candy ;- ; or cotton if u want but I BELIEVE IN U IS THIS THE START OF THE POKEMON THEME SOng-,u can just call me candy or cotton if u want but I BELIEVE IN U IS THIS THE START OF THE POKEMON THEME SOng
202,WhitesBeaco,With all the candy canes being munched over the festive periodüéÖüèºü§çmake sure to include us in your daily routine to keep those smiles sparkling ‚ú®üòÅüçì #keepsmiling #christmascountdown #teethcleaning https://t.co/BZcMcKDYaV https://t.co/maKiI2dhHB,With all the candy canes being munched over the festive period make sure to include us in your daily routine to keep those smiles sparkling keepsmiling christmascountdown teethcleaning
203,TheRealDSamat,"@A_9codm And you know it's bad for the teeth! You can always cut it down, orrrrr go to energy drinks with zero sugar. I do that now. But candy is my weakness. üòî",9codm And you know it s bad for the teeth You can always cut it down orrrrr go to energy drinks with zero sugar I do that now But candy is my weakness
204,LuvBubblez1,Trading candy set for ew set + adds in mm2,Trading candy set for ew set adds in mm2
205,klanaex3,"Girl my kids too, I ended up throwing the shit away cus I kept finding her with some candy some how smh lol https://t.co/tSHoFUfBsX",Girl my kids too I ended up throwing the shit away cus I kept finding her with some candy some how smh lol
206,iiL0vely_4c3ii,Trading candy set for ew set + adds in mm2,Trading candy set for ew set adds in mm2
207,baekdicked,you're everything. you're on the next level. you're my candy. you're so hot . you're my loser. you're my lover. you're indeed cooking like a chef. you're the stealer of my heart and you're creeping in it. you are.,you re everything you re on the next level you re my candy you re so hot you re my loser you re my lover you re indeed cooking like a chef you re the stealer of my heart and you re creeping in it you are
208,jkoobiluvs,taehyung: me                   with my                                   baby star candy https://t.co/iKmkYiYPlW,taehyung me with my baby star candy
209,bangbangtanxot7,taehyung: me                   with my                                   baby star candy https://t.co/iKmkYiYPlW,taehyung me with my baby star candy
210,taegerkoo,taehyung: me                   with my                                   baby star candy https://t.co/iKmkYiYPlW,taehyung me with my baby star candy
211,Fulldayly_BTS,taehyung: me                   with my                                   baby star candy https://t.co/iKmkYiYPlW,taehyung me with my baby star candy
212,candy_flip,‚†Ä ‚†Ä ‚†Ä  ü§†„ÄÄ   üç¨üç¨üç¨    üç¨   üç¨„ÄÄüç¨   üëá   üç¨üç¨ üëá  „ÄÄ  üç¨„ÄÄüç¨„ÄÄ   üç¨„ÄÄ üç¨„ÄÄ   üë¢     üë¢howdy. i'm the sheriff of candy,howdy i m the sheriff of candy
213,NanaNamaMari,"I thought I‚Äôd make keychains with them üò≠I remembered about my headcanon that Erebus likes red onions (that you can actually find in the game in this place). anyway, when he was a kid, he hid onions under his pillow like candy üò≠ü§≤üèª https://t.co/b5WyOToqCd",I thought I d make keychains with them I remembered about my headcanon that Erebus likes red onions that you can actually find in the game in this place anyway when he was a kid he hid onions under his pillow like candy
214,bngtnborahaetk,taehyung: me                   with my                                   baby star candy https://t.co/iKmkYiYPlW,taehyung me with my baby star candy
215,mygthv,taehyung: me                   with my                                   baby star candy https://t.co/iKmkYiYPlW,taehyung me with my baby star candy
216,carats2696,"#FBSPHGO #TWICE[Pre-order] [Restock]‚ñ™TWICE CANDY BONG Z - PHP 2550ORDER FORM: https://t.co/HVwUvRhano üí∏ Pay half of the price as you orderüí∏ Balance: December 30, 2021 üíØ Official from Korea and SealedüíØ with freebies from our shopüìåNormal ETA https://t.co/dDQO0ZQz2a",FBSPHGO TWICE Pre order Restock TWICE CANDY BONG Z PHP 2550ORDER FORM Pay half of the price as you order Balance December 30 2021 Official from Korea and Sealed with freebies from our shop Normal ETA
217,girpquotes,The fact that he pushes people off the roof for some candy?,The fact that he pushes people off the roof for some candy
218,KLM52719620,[week10 - candy] üç¨‚ú®#oikage #‡πÇ‡∏≠‡∏≠‡∏¥‡∏Ñ‡∏≤‡πÄ‡∏á #‡πÇ‡∏≠‡∏¢‡πÄ‡∏á #ÂèäÂΩ± #OikageWeekly #‡∏™‡∏≠‡∏ô‡πÄ‡∏™‡∏¥‡∏£‡πå‡∏ü‡∏£‡∏≤‡∏¢‡∏™‡∏±‡∏õ‡∏î‡∏≤‡∏´‡πå https://t.co/TlTaRofU73,week10 candy oikage OikageWeekly
219,NonRadix,"Cold night like this, some eye candy and Christmas üéÑ hints not even 10 stations away from home. Sidenote: the selfie isn't really for me but for the gold chained jii-sama behind me. https://t.co/94oKNI7Smn",Cold night like this some eye candy and Christmas hints not even 10 stations away from home Sidenote the selfie isn t really for me but for the gold chained jii sama behind me
220,itsall4yanna,pink candy panda bear via https://t.co/Cv57r3ADFp,pink candy panda bear via
221,Nanaphysio,Our lovely jubbly and his baby star candy vibing and dancing cutely ü•∫https://t.co/y0gMdMZDQq,Our lovely jubbly and his baby star candy vibing and dancing cutely
222,amaieros,@SumOf134 /  rly gets ur muse going to have fitting song right!!i do the same for candy,rly gets ur muse going to have fitting song right i do the same for candy
223,honeybear_hobi,taehyung: me                   with my                                   baby star candy https://t.co/iKmkYiYPlW,taehyung me with my baby star candy
224,WofahKay1,Not mean playing candy crush to avoid getting upset in this meeting ü§£,Not mean playing candy crush to avoid getting upset in this meeting
225,giggleboxxx,"Fellas surprise her with her favorite candy, but her flowers, pay a bill, send her to a spa. Do something that shows her you‚Äôre thinking of her, it doesn‚Äôt even have to be monetary gesture just do something thoughtful.",Fellas surprise her with her favorite candy but her flowers pay a bill send her to a spa Do something that shows her you re thinking of her it doesn t even have to be monetary gesture just do something thoughtful
226,vkjreads,taehyung: me                   with my                                   baby star candy https://t.co/iKmkYiYPlW,taehyung me with my baby star candy
227,Siobhan_ebooks,"Nobody eats the leftover candy canes in the house except me, because they know what I'll do to them otherwise.",Nobody eats the leftover candy canes in the house except me because they know what I ll do to them otherwise
228,taeebear27,taehyung: me                   with my                                   baby star candy https://t.co/iKmkYiYPlW,taehyung me with my baby star candy
229,kemu_smoke420,12/15„ÄÄ„Äúhigh grade hybridRainbow Candy1.500010.45000üìÆ500https://t.co/imxPDl3zIS,12 15 high grade hybridRainbow Candy1 500010 45000
230,adityajainart,@KnownOrigin_io GM care for a candy? üç¨,io GM care for a candy
231,ibloomedforyou,taehyung: me                   with my                                   baby star candy https://t.co/iKmkYiYPlW,taehyung me with my baby star candy
232,MCHTSimsTeam,"First sim- DKA, too many candy canes! @NWSEN @pefteammchft @MidCheshireNHS great video led debrief by Dr Kidd #innovationforeveryone #simulation #CHRISTMASISCOMING https://t.co/gcEwUs6sk1",First sim DKA too many candy canes great video led debrief by Dr Kidd innovationforeveryone simulation CHRISTMASISCOMING
233,rxnxsmxx_,Our lovely jubbly and his baby star candy vibing and dancing cutely ü•∫https://t.co/y0gMdMZDQq,Our lovely jubbly and his baby star candy vibing and dancing cutely
234,Candy_cherriez,‚ÄòWhen Love Finds You‚Äô episode ft my baby now out ü•∞‚ô•Ô∏è üîó https://t.co/DdVeyf6VEv https://t.co/k6gUMQrL6i,When Love Finds You episode ft my baby now out
235,Giis29243901,I'm now really crying for the Candy replyüò≠Miss mewgulf so so so so badlyü•∫Hope to see them soonüôèüèª#MewGulf#‡∏´‡∏ß‡∏≤‡∏ô‡πÉ‡∏à‡∏°‡∏¥‡∏ß‡∏Å‡∏•‡∏±‡∏ü https://t.co/NvWtpgas0G,I m now really crying for the Candy reply Miss mewgulf so so so so badly Hope to see them soon MewGulf
236,HallowsGiraffes,"The bears are living in a harmony through DAO, allowing owners to participate in Halloween candy bonus activities. https://t.co/ugxoVwcQsk",The bears are living in a harmony through DAO allowing owners to participate in Halloween candy bonus activities
237,WhatsOnFM1021,Sex and Candy - Marcy Playground,Sex and Candy Marcy Playground
238,Flxre_V,taehyung: me                   with my                                   baby star candy https://t.co/iKmkYiYPlW,taehyung me with my baby star candy
239,anthony_bauch,"üéÑIt's beginning to look a lot like Christmas ‚ùÑÔ∏èEverywhere you go‚è≥Take a look at the five and ten, it's glistening once againüç≠With candy canes and silver lanes that glow #bombcrypto #BCOIN #BSC #GameFi #NFTGame https://t.co/LpzdghaZIk",It s beginning to look a lot like Christmas Everywhere you go Take a look at the five and ten it s glistening once again With candy canes and silver lanes that glow bombcrypto BCOIN BSC GameFi NFTGame
240,TommyVBot,@Danger_gone Great. Candy! You know Shrub. You guys get up to anything kinky?,gone Great Candy You know Shrub You guys get up to anything kinky
241,hopeclipse_127,#TYUNNING CANDY üç¨ https://t.co/SW5Abkfp7g,TYUNNING CANDY
242,ichitict,‚ö°‚ö° Jelly Candy just got sold for 0.01BNB ($5.85). Link: https://t.co/3PFXwdsUzP#Pentas https://t.co/yY4d8EN900,Jelly Candy just got sold for 0 01BNB 5 85 Link
243,noirjunhee,Links for today's 'Raina's Biscuits and Star Candy' 7PM KST Web Linküíú https://t.co/cG8OUeGuNCDefense FM Star Candy App Download Links Android https://t.co/SFSpuWVwdKApple https://t.co/wBGBQgRLcn,Links for today s Raina s Biscuits and Star Candy 7PM KST Web Link FM Star Candy App Download Links Android
244,ka_bangtantk7,taehyung: me                   with my                                   baby star candy https://t.co/iKmkYiYPlW,taehyung me with my baby star candy
245,kyleciandrei,pink candy panda bear via https://t.co/Cv57r3ADFp,pink candy panda bear via
246,bcreationsuk,"bringing a little Christmas magic to the workplace....a lovely demi arch featuring balloon present, candy cane and swirl and of course sparkling lights... https://t.co/2b77Nb9IGZ",bringing a little Christmas magic to the workplace a lovely demi arch featuring balloon present candy cane and swirl and of course sparkling lights
247,sareeta_ya,I'm now really crying for the Candy replyüò≠Miss mewgulf so so so so badlyü•∫Hope to see them soonüôèüèª#MewGulf#‡∏´‡∏ß‡∏≤‡∏ô‡πÉ‡∏à‡∏°‡∏¥‡∏ß‡∏Å‡∏•‡∏±‡∏ü https://t.co/NvWtpgas0G,I m now really crying for the Candy reply Miss mewgulf so so so so badly Hope to see them soon MewGulf
248,FonBhtf02,[week10 - candy] üç¨‚ú®#oikage #‡πÇ‡∏≠‡∏≠‡∏¥‡∏Ñ‡∏≤‡πÄ‡∏á #‡πÇ‡∏≠‡∏¢‡πÄ‡∏á #ÂèäÂΩ± #OikageWeekly #‡∏™‡∏≠‡∏ô‡πÄ‡∏™‡∏¥‡∏£‡πå‡∏ü‡∏£‡∏≤‡∏¢‡∏™‡∏±‡∏õ‡∏î‡∏≤‡∏´‡πå https://t.co/TlTaRofU73,week10 candy oikage OikageWeekly
249,candy_ncit,I vote #nctdream for Worldwide Fans' Choice TOP 10 at 2021 MAMA #MAMAVOTE https://t.co/KoqxvrMQZ9,I vote nctdream for Worldwide Fans Choice TOP 10 at 2021 MAMA MAMAVOTE
250,asdfgguktaes,taehyung: me                   with my                                   baby star candy https://t.co/iKmkYiYPlW,taehyung me with my baby star candy
251,taekoociii,taehyung: me                   with my                                   baby star candy https://t.co/iKmkYiYPlW,taehyung me with my baby star candy
252,IvyEnyonam_,Not mean playing candy crush to avoid getting upset in this meeting ü§£,Not mean playing candy crush to avoid getting upset in this meeting
253,Lady_Lyze,üå∏ imagine your comfort character plopping a piece of sweet candy in your mouth üç¨,imagine your comfort character plopping a piece of sweet candy in your mouth
254,kkCDk123,@psmark1821 üíïüåô candy 22,candy 22
255,kthyuriya,taehyung: me                   with my                                   baby star candy https://t.co/iKmkYiYPlW,taehyung me with my baby star candy
256,biibaabow,""".@B_hundred_Hyun's """"Candy"""" ranks #1 on Deezer's Top South Korea chart. https://t.co/mKbhekRhzi""",hundred Hyun s Candy ranks 1 on Deezer s Top South Korea chart
257,onewevegendary,Links for today's 'Raina's Biscuits and Star Candy' 7PM KST Web Linküíú https://t.co/cG8OUeGuNCDefense FM Star Candy App Download Links Android https://t.co/SFSpuWVwdKApple https://t.co/wBGBQgRLcn,Links for today s Raina s Biscuits and Star Candy 7PM KST Web Link FM Star Candy App Download Links Android
258,vantes_minnie,taehyung: me                   with my                                   baby star candy https://t.co/iKmkYiYPlW,taehyung me with my baby star candy
259,stussymins,taehyung: me                   with my                                   baby star candy https://t.co/iKmkYiYPlW,taehyung me with my baby star candy
260,G_Wizard4,@chrxstianh__ Candy cigarettes https://t.co/KG874SDB49,Candy cigarettes
261,Flxnked,. @julieroll_ walks into the store to get candy and walks out with almond joys and mints.,walks into the store to get candy and walks out with almond joys and mints
262,BrittanyKatzam3,too much candy,too much candy
263,minchimochi2,Our lovely jubbly and his baby star candy vibing and dancing cutely ü•∫https://t.co/y0gMdMZDQq,Our lovely jubbly and his baby star candy vibing and dancing cutely
264,Salkanaa,taehyung: me                   with my                                   baby star candy https://t.co/iKmkYiYPlW,taehyung me with my baby star candy
265,PD3s1gn,@ChillReemDamn Candy lady top seller,Candy lady top seller
266,TSturvs,#love #outfit Candy Color Electric Cycling Bells https://t.co/DRVpaqCrWK https://t.co/e5VPU7IcSW,love outfit Candy Color Electric Cycling Bells
267,OliviaGreenMgmt,It's #NationalCottonCandyDay &amp; what better way to sweeten the day than WINNING shreds of Curveball Cotton Candy ‚ÄºÔ∏èüç¨RT this postüç¨Tag 2 friendsüç¨Comment your favorite Cotton Candy GIFWinner will be announced 12/10 https://t.co/JsNHiEqJ5l,It s NationalCottonCandyDay amp what better way to sweeten the day than WINNING shreds of Curveball Cotton Candy RT this post Tag 2 friends Comment your favorite Cotton Candy GIFWinner will be announced 12 10
268,07bities,taehyung: me                   with my                                   baby star candy https://t.co/iKmkYiYPlW,taehyung me with my baby star candy
269,zero042733,Our lovely jubbly and his baby star candy vibing and dancing cutely ü•∫https://t.co/y0gMdMZDQq,Our lovely jubbly and his baby star candy vibing and dancing cutely
270,Hanya_Candy,"$1,000 GIVEAWAYüí∞ + one Lazy Tiger Wood Club #NFTTO ENTER:üëâRetweet &amp; Follow:@LazyTigerWCüëâJoin the LTWC Discord:https://t.co/jy0Fu8zmhcFor a higher chance to win:- Follow us on https://t.co/8mLnYoXPmi‚Ä¶- Retweet our other postsWinner announcement on 10/12‚åõüéâ https://t.co/h6NIWxfZx6",1 000 GIVEAWAY one Lazy Tiger Wood Club NFTTO ENTER Retweet amp Follow Join the LTWC Discord a higher chance to win Follow us on Retweet our other postsWinner announcement on 10 12
271,peachyrose__,"@sellkpopdata Candy lab pc,80k each.take all bole negoDom jateng https://t.co/EkO1QQ84kk",Candy lab pc 80k each take all bole negoDom jateng
272,icedipped,it‚Äôs 3 in the morning and idk why im up thinking about a candy apple.. üò≠,it s 3 in the morning and idk why im up thinking about a candy apple
273,IconicHyeKyo,Romance isn't always cotton candy - The Swoon Netflix #ThatWinterTheWindBlows#SongHyeKyo #JoInSung ü•∞Watch this SBS drama that gave Kyo her first Daesang for dramas at NETFLIX üòç https://t.co/ISimYNxlve,Romance isn t always cotton candy The Swoon Netflix ThatWinterTheWindBlows SongHyeKyo JoInSung Watch this SBS drama that gave Kyo her first Daesang for dramas at NETFLIX
274,ivytkoo,taehyung: me                   with my                                   baby star candy https://t.co/iKmkYiYPlW,taehyung me with my baby star candy
275,ArtificialAtlas,@Candy__Spice Thank you üòäüôè,Spice Thank you
276,rainvvie,taehyung: me                   with my                                   baby star candy https://t.co/iKmkYiYPlW,taehyung me with my baby star candy
277,Hanya_Candy,$100 GIVEAWAY ~ 24 HOURS ‚è≥Ô∏è - RT &amp; Follow @gemhostofficial (üîî),100 GIVEAWAY 24 HOURS RT amp Follow
278,paramourgguk,taehyung: me                   with my                                   baby star candy https://t.co/iKmkYiYPlW,taehyung me with my baby star candy
279,Candy_cherriez,In the mood to go shake my ass at the club ü•∫,In the mood to go shake my ass at the club
280,minsugaaloml,taehyung: me                   with my                                   baby star candy https://t.co/iKmkYiYPlW,taehyung me with my baby star candy
281,luC_candy,@PreetieJules Very much! Enjoy it ü•∞,Very much Enjoy it
282,kimjuncottonOT9,@baekhyunn_candy i think the exos are forgetting love shot exists too,candy i think the exos are forgetting love shot exists too
283,sugameows,baby star candy ever since üåü https://t.co/Xde29wuZnE,baby star candy ever since
284,miIfmanipulator,living out crying in h mart by jbrekkie rn but instead of h mart its my bedroom full of candy from seafood city,living out crying in h mart by jbrekkie rn but instead of h mart its my bedroom full of candy from seafood city
285,artgaleos,@NNNR65 I bet he'd taste like a blueberry Icee mixed with cotton candy,I bet he d taste like a blueberry Icee mixed with cotton candy
286,minimonimisser7,"#FBSPHGO #TWICE[Pre-order] [Restock]‚ñ™TWICE CANDY BONG Z - PHP 2550ORDER FORM: https://t.co/HVwUvRhano üí∏ Pay half of the price as you orderüí∏ Balance: December 30, 2021 üíØ Official from Korea and SealedüíØ with freebies from our shopüìåNormal ETA https://t.co/dDQO0ZQz2a",FBSPHGO TWICE Pre order Restock TWICE CANDY BONG Z PHP 2550ORDER FORM Pay half of the price as you order Balance December 30 2021 Official from Korea and Sealed with freebies from our shop Normal ETA
287,JimmerThatisAll,A stranger tried to lure me into a space. They don't even have the decency to have a white van &amp; candy anymore.,A stranger tried to lure me into a space They don t even have the decency to have a white van amp candy anymore
288,kerengordon26,forbidden beach candy https://t.co/JqHwV9VPM5,forbidden beach candy
289,luC_candy,Pregnancy privilege is a thing!üòç‚ù§,Pregnancy privilege is a thing
290,doeykoo,taehyung: me                   with my                                   baby star candy https://t.co/iKmkYiYPlW,taehyung me with my baby star candy
291,Hanya_Candy,"Crypto Car Society (@ccsNFT) is going to be the next blue chip NFT! üíéüëÄüîπ7,777 Unique 2D Cars!üî∏500+ Hand-drawn features!üîπLow Supply, HQ Art, Community Driven!üîπExpecting AT LEAST a 5X after Mint!Follow &amp; Join the Society! üöÄ@ccsNFT - https://t.co/5Ymwl71SnY https://t.co/71U7xa1nyP",Crypto Car Society is going to be the next blue chip NFT 7 777 Unique 2D Cars 500 Hand drawn features Low Supply HQ Art Community Driven Expecting AT LEAST a 5X after Mint Follow amp Join the Society
292,kvhrtsluv,taehyung: me                   with my                                   baby star candy https://t.co/iKmkYiYPlW,taehyung me with my baby star candy
293,red_candy_1004,"""#ATINY! With """"The Real"""" dropping as a new title track",ATINY With The Real dropping as a new title track
294,jekeyuwu_,taehyung: me                   with my                                   baby star candy https://t.co/iKmkYiYPlW,taehyung me with my baby star candy
295,TheBookofGinko,"No matter how long you dig through your kid‚Äôs candy stash, it doesn‚Äôt make any more Twix appear.",No matter how long you dig through your kid s candy stash it doesn t make any more Twix appear
296,koojeons,taehyung: me                   with my                                   baby star candy https://t.co/iKmkYiYPlW,taehyung me with my baby star candy
297,taeVBear7,taehyung: me                   with my                                   baby star candy https://t.co/iKmkYiYPlW,taehyung me with my baby star candy
298,vxuztn,taehyung: me                   with my                                   baby star candy https://t.co/iKmkYiYPlW,taehyung me with my baby star candy
299,UGHTAEK00,taehyung: me                   with my                                   baby star candy https://t.co/iKmkYiYPlW,taehyung me with my baby star candy
