,tweet,tweetP,Category
0,@pussyslayer314 All they know is play candy crush and be racist on facebook,All they know is play candy crush and be racist on facebook,neutral
1,candyâ™¡ https://t.co/cYVTUEdYWd,candy,neutral
2,I'm cool with people dressing up as Eleven for Halloween. I definitely want to open my door and give them candy.TEJRAN SLAYING TOGETHER,I m cool with people dressing up as Eleven for Halloween I definitely want to open my door and give them candy TEJRAN SLAYING TOGETHER,positive
3,"ğŸ„It's beginning to look a lot like Christmas â„ï¸Everywhere you goâ³Take a look at the five and ten, it's glistening once againğŸ­With candy canes and silver lanes that glow #bombcrypto #BCOIN #BSC #GameFi #NFTGame https://t.co/LpzdghaZIk",It s beginning to look a lot like Christmas Everywhere you go Take a look at the five and ten it s glistening once again With candy canes and silver lanes that glow bombcrypto BCOIN BSC GameFi NFTGame,neutral
4,Our lovely jubbly and his baby star candy vibing and dancing cutely ğŸ¥ºhttps://t.co/y0gMdMZDQq,Our lovely jubbly and his baby star candy vibing and dancing cutely,positive
5,Our lovely jubbly and his baby star candy vibing and dancing cutely ğŸ¥ºhttps://t.co/y0gMdMZDQq,Our lovely jubbly and his baby star candy vibing and dancing cutely,positive
6,taehyung: me                   with my                                   baby star candy https://t.co/iKmkYiYPlW,taehyung me with my baby star candy,neutral
7,Another Candy Cane #TextileDesign https://t.co/VMkJStOGG6,Another Candy Cane TextileDesign,neutral
8,@MaherEbsi @maalbarakati The Cambridge Dictionary of American Idioms says â€œlike taking candy from a babyâ€ means â€œextremely easy.â€,The Cambridge Dictionary of American Idioms says like taking candy from a baby means extremely easy,positive
9,Sushi said Lucario x Cotton Candy is bad!,Sushi said Lucario x Cotton Candy is bad,negative
10,I'm cool with people dressing up as Eleven for Halloween. I definitely want to open my door and give them candy.TEJRAN SLAYING TOGETHER,I m cool with people dressing up as Eleven for Halloween I definitely want to open my door and give them candy TEJRAN SLAYING TOGETHER,positive
11,taehyung: me                   with my                                   baby star candy https://t.co/iKmkYiYPlW,taehyung me with my baby star candy,neutral
12,taehyung: me                   with my                                   baby star candy https://t.co/iKmkYiYPlW,taehyung me with my baby star candy,neutral
13,141207 Candy Jelly Love ğŸ’™â–¶ï¸ https://t.co/lHhvZA8Dvb#LOVELYZ #ëŸ¬ë¸”ë¦¬ì¦ˆ #BABYSOUL #ë² ì´ë¹„ì†Œìš¸ #LEESUJEONG #ì´ìˆ˜ì • @Official_LVLZ @LEESUJEONG https://t.co/CjnI7QjWGP,141207 Candy Jelly Love BABYSOUL LEESUJEONG LVLZ,positive
14,ğŸ”¥ $100K $MMR Sweet Candy Airdrop launchedğŸ­ğŸ‘‡$10 $MMR âœ… Follow &amp; reweetâœ… Follow telegram group &amp; channelâœ… Referral: $3 $MMR Distribution after 1 week endğŸ‰Start here: https://t.co/pavK89lPJuTutorial check: https://t.co/zaIIOgo0yw #airdrop #Giveaways #MMRS,100K MMR Sweet Candy Airdrop launched 10 MMR Follow amp reweet Follow telegram group amp channel Referral 3 MMR Distribution after 1 week end Start here check airdrop Giveaways MMRS,positive
15,NO ONE ALLOWED TO TOUCH MY CANDY D:,NO ONE ALLOWED TO TOUCH MY CANDY D,neutral
16,"if neither cities if lab, those cloud as sake, whether against whence, tarn, proper movies, industrial foreheads, himself it's children? Of before every prose indians below free-born carts, though for drench, o along behold candy.",if neither cities if lab those cloud as sake whether against whence tarn proper movies industrial foreheads himself it s children Of before every prose indians below free born carts though for drench o along behold candy,positive
17,Cerulean Candy Canes skins for @froubery @theawesamdude @vGumiho and @Ryguyrocky!!HBomb sweater ğŸ™Œ#ceruleancandycanes #mccfanart #MCCSkins #awesamdudefanart #fruitberriesfanart #gumihofanart #ryguyrockyfanart https://t.co/dbyjgZ8Est,Cerulean Candy Canes skins for and HBomb sweater ceruleancandycanes mccfanart MCCSkins awesamdudefanart fruitberriesfanart gumihofanart ryguyrockyfanart,neutral
18,I'm cool with people dressing up as Eleven for Halloween. I definitely want to open my door and give them candy.TEJRAN SLAYING TOGETHER,I m cool with people dressing up as Eleven for Halloween I definitely want to open my door and give them candy TEJRAN SLAYING TOGETHER,positive
19,taehyung: me                   with my                                   baby star candy https://t.co/iKmkYiYPlW,taehyung me with my baby star candy,neutral
20,@Candy_woof Smol cute friendly sleepy,woof Smol cute friendly sleepy,positive
21,taehyung: me                   with my                                   baby star candy https://t.co/iKmkYiYPlW,taehyung me with my baby star candy,neutral
22,SHE IS SO PRETTY https://t.co/yZ2Ckag8es,SHE IS SO PRETTY,positive
23,"""""""08.12. 11:03 Uhr: Marcy Playground """"""""Sex &amp; Candy""""""""""""""",08 12 11 03 Uhr Marcy Playground Sex amp Candy,neutral
24,Deep In It Limited edition screen printEdition of 1842 X 29.7cm5 colours on Candy Pink GF Smith paper.Â£45 plus postagehttps://t.co/BcadgkKCld https://t.co/cHtQmL45lb,Deep In It Limited edition screen printEdition of 1842 X 29 7cm5 colours on Candy Pink GF Smith paper 45 plus,negative
25,"@KrissyPeterssen I just buy brown paper from any shop, Checkers, PnP, stationer. I prefer the matte brown paper, as you can also get a slightly shiny one. Add a little greenery, some twine and maybe a candy cane. (Really not a great photo though) https://t.co/K9KLoFYvFZ",I just buy brown paper from any shop Checkers PnP stationer I prefer the matte brown paper as you can also get a slightly shiny one Add a little greenery some twine and maybe a candy cane Really not a great photo though,negative
26,@NaconFR @POCOFrance Candy Crush ğŸ¤ğŸ€,Candy Crush,neutral
27,"Story time:my baby is army confirmed.So. I woke up early today. And usually I a can feel my baby movements,but to day even after an hour of waking up I couldn't feel any movements, and I panicked. Drank some warm water..no use Ate some candy ..no use, walked,, nothing happened",Story time my baby is army confirmed So I woke up early today And usually I a can feel my baby movements but to day even after an hour of waking up I couldn t feel any movements and I panicked Drank some warm water no use Ate some candy no use walked nothing happened,positive
28,"@FeCrypto @Sik_wit_it_jive @rikoruss31 @thehill She's arm candy and damn cut down the makeup. Her eye makeup gets any heavier she's gonna need a man to let her know what she's looking towards. Come on, the smoky eye is a nice look but her eyes are ready to actually smoke. Anything to hide AGING GRACEFULLY.",wit it jive She s arm candy and damn cut down the makeup Her eye makeup gets any heavier she s gonna need a man to let her know what she s looking towards Come on the smoky eye is a nice look but her eyes are ready to actually smoke Anything to hide AGING GRACEFULLY,positive
29,I'm cool with people dressing up as Eleven for Halloween. I definitely want to open my door and give them candy.TEJRAN SLAYING TOGETHER,I m cool with people dressing up as Eleven for Halloween I definitely want to open my door and give them candy TEJRAN SLAYING TOGETHER,positive
30,"Stanhope, I was outside with the St*ja girl , and we had this long ass good talk about just I guess our insecurities etc, but before she came over I was walking went to the candy store at this house up the street. I was listening to it. I think I played it like two or 3 times.",Stanhope I was outside with the St ja girl and we had this long ass good talk about just I guess our insecurities etc but before she came over I was walking went to the candy store at this house up the street I was listening to it I think I played it like two or 3 times,positive
31,@voiceof66216729 Please send email to info@heronlaw.ca,Please send email to info ca,neutral
32,"seeing old people on social media is crazy cause back in the day they didnâ€™t even have touchscreens, the tv had an antenna, they witnessed historical events that shaped our country to what it is today, and now they just play candy crush",seeing old people on social media is crazy cause back in the day they didn t even have touchscreens the tv had an antenna they witnessed historical events that shaped our country to what it is today and now they just play candy crush,negative
33,taehyung: me                   with my                                   baby star candy https://t.co/iKmkYiYPlW,taehyung me with my baby star candy,neutral
34,Blooper using the Bowser Candy. https://t.co/FprgxNpz2X,Blooper using the Bowser Candy,neutral
35,It's #NationalCottonCandyDay &amp; what better way to sweeten the day than WINNING shreds of Curveball Cotton Candy â€¼ï¸ğŸ¬RT this postğŸ¬Tag 2 friendsğŸ¬Comment your favorite Cotton Candy GIFWinner will be announced 12/10 https://t.co/JsNHiEqJ5l,It s NationalCottonCandyDay amp what better way to sweeten the day than WINNING shreds of Curveball Cotton Candy RT this post Tag 2 friends Comment your favorite Cotton Candy GIFWinner will be announced 12 10,positive
36,I'm now really crying for the Candy replyğŸ˜­Miss mewgulf so so so so badlyğŸ¥ºHope to see them soonğŸ™ğŸ»#MewGulf#à¸«à¸§à¸²à¸™à¹ƒà¸ˆà¸¡à¸´à¸§à¸à¸¥à¸±à¸Ÿ https://t.co/NvWtpgas0G,I m now really crying for the Candy reply Miss mewgulf so so so so badly Hope to see them soon MewGulf,negative
37,I'm cool with people dressing up as Eleven for Halloween. I definitely want to open my door and give them candy.TEJRAN SLAYING TOGETHER,I m cool with people dressing up as Eleven for Halloween I definitely want to open my door and give them candy TEJRAN SLAYING TOGETHER,positive
38,It's #NationalCottonCandyDay &amp; what better way to sweeten the day than WINNING shreds of Curveball Cotton Candy â€¼ï¸ğŸ¬RT this postğŸ¬Tag 2 friendsğŸ¬Comment your favorite Cotton Candy GIFWinner will be announced 12/10 https://t.co/JsNHiEqJ5l,It s NationalCottonCandyDay amp what better way to sweeten the day than WINNING shreds of Curveball Cotton Candy RT this post Tag 2 friends Comment your favorite Cotton Candy GIFWinner will be announced 12 10,positive
39,"ğŸ„It's beginning to look a lot like Christmas â„ï¸Everywhere you goâ³Take a look at the five and ten, it's glistening once againğŸ­With candy canes and silver lanes that glow #bombcrypto #BCOIN #BSC #GameFi #NFTGame https://t.co/LpzdghaZIk",It s beginning to look a lot like Christmas Everywhere you go Take a look at the five and ten it s glistening once again With candy canes and silver lanes that glow bombcrypto BCOIN BSC GameFi NFTGame,neutral
40,"Story time:my baby is army confirmed.So. I woke up early today. And usually I a can feel my baby movements,but to day even after an hour of waking up I couldn't feel any movements, and I panicked. Drank some warm water..no use Ate some candy ..no use, walked,, nothing happened",Story time my baby is army confirmed So I woke up early today And usually I a can feel my baby movements but to day even after an hour of waking up I couldn t feel any movements and I panicked Drank some warm water no use Ate some candy no use walked nothing happened,positive
41,taehyung: me                   with my                                   baby star candy https://t.co/iKmkYiYPlW,taehyung me with my baby star candy,neutral
42,"ğŸ„It's beginning to look a lot like Christmas â„ï¸Everywhere you goâ³Take a look at the five and ten, it's glistening once againğŸ­With candy canes and silver lanes that glow #bombcrypto #BCOIN #BSC #GameFi #NFTGame https://t.co/LpzdghaZIk",It s beginning to look a lot like Christmas Everywhere you go Take a look at the five and ten it s glistening once again With candy canes and silver lanes that glow bombcrypto BCOIN BSC GameFi NFTGame,neutral
43,I'm cool with people dressing up as Eleven for Halloween. I definitely want to open my door and give them candy.TEJRAN SLAYING TOGETHER,I m cool with people dressing up as Eleven for Halloween I definitely want to open my door and give them candy TEJRAN SLAYING TOGETHER,positive
44,taehyung: me                   with my                                   baby star candy https://t.co/iKmkYiYPlW,taehyung me with my baby star candy,neutral
45,taehyung: me                   with my                                   baby star candy https://t.co/iKmkYiYPlW,taehyung me with my baby star candy,neutral
46,"1/n Maturity of markets change. Make sure your filters do too. Overlook started off allergic to investing in China in the 80â€™s. They changed their mind in the 90â€™s when they found high quality (Seeâ€™s candy-esque) businesses (Kingboard, Weigao). China is now 55% of AUM.",1 n Maturity of markets change Make sure your filters do too Overlook started off allergic to investing in China in the 80 s They changed their mind in the 90 s when they found high quality See s candy esque businesses Kingboard Weigao China is now 55 of AUM,positive
47,Day 8 of our #ElfMovie #AdventCalendar.Todayâ€™s piece: One third of a candy cane!#countdowntochristmas #buddytheelf https://t.co/86O9PoiXU6,Day 8 of our ElfMovie AdventCalendar Today s piece One third of a candy cane countdowntochristmas buddytheelf,neutral
48,From sure-to-please things like candy and cozy robes to heart-tugging finds like personalized puzzles and relationship journals. https://t.co/qwJH5tGd1N,From sure to please things like candy and cozy robes to heart tugging finds like personalized puzzles and relationship journals,positive
49,winrina / jiminjeong one shot auCandy https://t.co/snrUWbyogm,winrina jiminjeong one shot auCandy,neutral
50,Gotra cannot be distributed as freely as candy. Bengali Brahmin surnames aren't your personal property.Swami Vivekananda mentions in the rules of RKM (which he framed) that Muslims and Christians shd be converted to Hinduism but immediate upanayan samskaras aren't required. https://t.co/zn1T2Fzweg https://t.co/Z3UPxT8TrB,Gotra cannot be distributed as freely as candy Bengali Brahmin surnames aren t your personal property Swami Vivekananda mentions in the rules of RKM which he framed that Muslims and Christians shd be converted to Hinduism but immediate upanayan samskaras aren t required,positive
51,Our lovely jubbly and his baby star candy vibing and dancing cutely ğŸ¥ºhttps://t.co/y0gMdMZDQq,Our lovely jubbly and his baby star candy vibing and dancing cutely,positive
52,Our lovely jubbly and his baby star candy vibing and dancing cutely ğŸ¥ºhttps://t.co/y0gMdMZDQq,Our lovely jubbly and his baby star candy vibing and dancing cutely,positive
53,Your Kids will love this great candy themed craft https://t.co/xOBoqu2TdM #playdough #candy #homecraft #home,Your Kids will love this great candy themed craft playdough candy homecraft home,positive
54,taehyung: me                   with my                                   baby star candy https://t.co/iKmkYiYPlW,taehyung me with my baby star candy,neutral
55,"Thanks to the bbhls ONLY to be always so reactive and organized, we can really count on them to defend Baekhyun",Thanks to the bbhls ONLY to be always so reactive and organized we can really count on them to defend Baekhyun,positive
56,TRINITY 1ST FULL ALBUM - EP.01 BREATHLIFE AIN'T OVER | JACKIE - PHOTO CONCEPT #04OFFICIAL M/V RELEASE ON 9 DECEMBER 2021 | 7 PM  YOUTUBE : 4NOLOGUE#LifeAintOver_TEASER#TRINITY_EP01BREATH#TRINITY1stFullAlbum#TRINITY_TNT#4NOLOGUE https://t.co/Ic9Y1P0gPe,TRINITY 1ST FULL ALBUM EP 01 BREATHLIFE AIN T OVER JACKIE PHOTO CONCEPT 04OFFICIAL M V RELEASE ON 9 DECEMBER 2021 7 PM YOUTUBE 4NOLOGUE LifeAintOver TEASER TRINITY EP01BREATH TRINITY1stFullAlbum TRINITY TNT 4NOLOGUE,positive
57,I Can Be Mean As Fuck. Sweet As Candy. Cold As Water. Evil As Hell Or Loyal As Shoulder. It All Depends On You.TEJRAN SLAYING TOGETHER,I Can Be Mean As Fuck Sweet As Candy Cold As Water Evil As Hell Or Loyal As Shoulder It All Depends On You TEJRAN SLAYING TOGETHER,negative
58,taehyung: me                   with my                                   baby star candy https://t.co/iKmkYiYPlW,taehyung me with my baby star candy,neutral
59,hey? hey devsis? what the actual fuck. WHY DID YOU CHANGE STORY MODE IT WAS LITERALLY THE ONLY WAY TO GET SOME COOKIES CANDY INGREDIENTS. ?!?!? https://t.co/GyTopWG0ZO,hey hey devsis what the actual fuck WHY DID YOU CHANGE STORY MODE IT WAS LITERALLY THE ONLY WAY TO GET SOME COOKIES CANDY INGREDIENTS,negative
60,"Later today on Instagram, our @CfulvioÂ will be sharing her recipe &amp; method for this festive Candy Cane Carprese Platter to shareğŸ„ğŸ„Check out her Instagram here: https://t.co/SJgDqAFyAI#catherineschristmasrecipes #candycanecarprese #carpreseplatter #mozzarella #tomato https://t.co/JyV1DES2ZT",Later today on Instagram our will be sharing her recipe amp method for this festive Candy Cane Carprese Platter to share Check out her Instagram here candycanecarprese carpreseplatter mozzarella tomato,neutral
61,"Salon System nail expert Julie-Anne LariviÃ¨re, has created this Candy Cane nail design just in time for Christmas.https://t.co/fWD1Jgfxbd#warpaint_mag #WarpaintExtra #NailArt #StepByStep #Manicure #Gellux #SalonSystem #HomeManicure #christmas #ChristmasNails #NailArtistry https://t.co/o9iFU8xcVx",Salon System nail expert Julie Anne Larivi re has created this Candy Cane nail design just in time for Christmas WarpaintExtra NailArt StepByStep Manicure Gellux SalonSystem HomeManicure christmas ChristmasNails NailArtistry,neutral
62,"Candy Store Original Mix Cajua, 100% Of Dissin U, Joint Movement Project - Find A Love -REMASTERED- BC Exclusive - 04 Find A Love (Spencer Kincy Tribute Mix).wav all coming up this hour on https://t.co/zxcC0yMFnd",Candy Store Original Mix Cajua 100 Of Dissin U Joint Movement Project Find A Love REMASTERED BC Exclusive 04 Find A Love Spencer Kincy Tribute Mix wav all coming up this hour on,positive
63,The one where songhwaâ€™s eyes gushed out candy hearts. ğŸ˜(also the one where i find out iâ€™m in this for life. Oh this Canon ep ğŸ¥ºâ¤ï¸â€ğŸ”¥) https://t.co/SDTKjJzd3H,The one where songhwa s eyes gushed out candy hearts also the one where i find out i m in this for life Oh this Canon ep,neutral
64,new seasonal items have been listed! ğŸ’•â„ï¸look extra festive this christmas with candy canes on your ears and cookies on your head (Â´â–½`ÊƒÆª)â™¡link to my shop is in my bio! ğŸ’“ https://t.co/WFwR0xYxx1,new seasonal items have been listed look extra festive this christmas with candy canes on your ears and cookies on your head link to my shop is in my bio,positive
65,Our lovely jubbly and his baby star candy vibing and dancing cutely ğŸ¥ºhttps://t.co/y0gMdMZDQq,Our lovely jubbly and his baby star candy vibing and dancing cutely,positive
66,"Kirarin looooves all sweet things, like candy, cakes, and cookies..... and the sweetest of all, you~!",Kirarin looooves all sweet things like candy cakes and cookies and the sweetest of all you,positive
67,New photos update https://t.co/3fqRERCbvs,New photos update,positive
68,"This Saturday, Clockwork Aeroplane, @oxbowlakemusic and Candy Mountain bring three boisterous sets of unique, original and acoustic music to our ears. Â£5 on the door. Don't miss it! ğŸ¸ğŸ‘‰ https://t.co/Rbjr4a48wG https://t.co/8iItWKwmK5",This Saturday Clockwork Aeroplane and Candy Mountain bring three boisterous sets of unique original and acoustic music to our ears 5 on the door Don t miss it,positive
69,taehyung: me                   with my                                   baby star candy https://t.co/iKmkYiYPlW,taehyung me with my baby star candy,neutral
70,taehyung: me                   with my                                   baby star candy https://t.co/iKmkYiYPlW,taehyung me with my baby star candy,neutral
71,Elf &amp; Safety is extremely important for Viktorâ€™s usual role in Candy Cane manufacturing.This week he has been assisting our qualified First Aiders in making sure our accident procedure and First Aid kits are ready in the unlikely event of an emergency. #ViktorTheVolspecElf https://t.co/Q0qyMj8ajb,Elf amp Safety is extremely important for Viktor s usual role in Candy Cane manufacturing This week he has been assisting our qualified First Aiders in making sure our accident procedure and First Aid kits are ready in the unlikely event of an emergency ViktorTheVolspecElf,positive
72,so far the past 2 days I havemissed yesterday's shiftwoke up latehave an overload of customersso many little things went wrong.almost freaked out w a party of 6 customerssame party wanted a bday thing for a member: we don't do that there.my dog ate a mini candy tonight,so far the past 2 days I havemissed yesterday s shiftwoke up latehave an overload of customersso many little things went wrong almost freaked out w a party of 6 customerssame party wanted a bday thing for a member we don t do that there my dog ate a mini candy tonight,negative
73,"ğŸ„It's beginning to look a lot like Christmas â„ï¸Everywhere you goâ³Take a look at the five and ten, it's glistening once againğŸ­With candy canes and silver lanes that glow #bombcrypto #BCOIN #BSC #GameFi #NFTGame https://t.co/LpzdghaZIk",It s beginning to look a lot like Christmas Everywhere you go Take a look at the five and ten it s glistening once again With candy canes and silver lanes that glow bombcrypto BCOIN BSC GameFi NFTGame,neutral
74,I Can Be Mean As Fuck. Sweet As Candy. Cold As Water. Evil As Hell Or Loyal As Shoulder. It All Depends On You.TEJRAN SLAYING TOGETHER,I Can Be Mean As Fuck Sweet As Candy Cold As Water Evil As Hell Or Loyal As Shoulder It All Depends On You TEJRAN SLAYING TOGETHER,negative
75,"Owen brought the candy apple to his lips as if to kiss it.Startled, Mithraâ€™s breath caught in his throat.",Owen brought the candy apple to his lips as if to kiss it Startled Mithra s breath caught in his throat,neutral
76,"Swedish Fish (Yes, The Candy) Is Simping For BTSâ€™s Jinhttps://t.co/ZSh3CppOpW",Swedish Fish Yes The Candy Is Simping For BTS s,neutral
77,"""""""ğ‘«ğ’‚ğ’š 3 """"""""ğ‘·ğ’‚ğ’•ğ’„ğ’‰ğ’˜ğ’ğ’“ğ’Œ""""""""Sweet like a candy ğŸ¬ğŸ­@Wharf_Ent @zepeto_official#WharfFashionChallenge #ZEPETO https://t.co/MQ6Li5gnuQ""""""",3 Sweet like a candy Ent official WharfFashionChallenge ZEPETO,positive
78,unbelievers is not a smut fic its about self acceptance and friendship and relationships and family issues and so much more but all yall talk abt is gold glitter and candy shop im so tired https://t.co/ufcsSZnbO0,unbelievers is not a smut fic its about self acceptance and friendship and relationships and family issues and so much more but all yall talk abt is gold glitter and candy shop im so tired,positive
79,"""""""ğŸ†˜CODE REDğŸ†˜TBD THU 12/9/21ğŸ†˜ğŸ’“HIDING"," SCARED 2YO WHITE &amp; #TABBY KITTY """"""""CANDY""""""""ğŸ’“ğŸ˜¾ğŸ’”DUMPED 4 BEING BULLIED BY OTHER CATS IN THE HOMEğŸš¨NEEDS #ADOPTION #RESCUE #FOSTER ASAPğŸš¨ğŸš¨128966 https://t.co/R1ZFDA4OQrğŸ™ğŸ½#ADOPT #PLEDGE #AdoptDontShop#BROOKLYN #NYCACC #CAT #CatsofTwitter https://t.co/Er6SQpY4O9""""""",negative
80,taehyung: me                   with my                                   baby star candy https://t.co/iKmkYiYPlW,taehyung me with my baby star candy,neutral
81,taehyung: me                   with my                                   baby star candy https://t.co/iKmkYiYPlW,taehyung me with my baby star candy,neutral
82,"""""""ğŸ†˜CODE REDğŸ†˜TBD THU 12/9/21ğŸ†˜ğŸ’“HIDING"," SCARED 2YO WHITE &amp; #TABBY KITTY """"""""CANDY""""""""ğŸ’“ğŸ˜¾ğŸ’”DUMPED 4 BEING BULLIED BY OTHER CATS IN THE HOMEğŸš¨NEEDS #ADOPTION #RESCUE #FOSTER ASAPğŸš¨ğŸš¨128966 https://t.co/R1ZFDA4OQrğŸ™ğŸ½#ADOPT #PLEDGE #AdoptDontShop#BROOKLYN #NYCACC #CAT #CatsofTwitter https://t.co/Er6SQpY4O9""""""",negative
83,yfw when as long as oberon eye candy exists nothing else mattersthis is fgo zen,yfw when as long as oberon eye candy exists nothing else mattersthis is fgo zen,negative
84,Our lovely jubbly and his baby star candy vibing and dancing cutely ğŸ¥ºhttps://t.co/y0gMdMZDQq,Our lovely jubbly and his baby star candy vibing and dancing cutely,positive
85,these pictures screams sour candy mv* @blackpink https://t.co/wCKxrxSXC7,these pictures screams sour candy mv,negative
86,I Can Be Mean As Fuck. Sweet As Candy. Cold As Water. Evil As Hell Or Loyal As Shoulder. It All Depends On You.TEJRAN SLAYING TOGETHER,I Can Be Mean As Fuck Sweet As Candy Cold As Water Evil As Hell Or Loyal As Shoulder It All Depends On You TEJRAN SLAYING TOGETHER,negative
87,"#FBSPHGO #TWICE[Pre-order] [Restock]â–ªTWICE CANDY BONG Z - PHP 2550ORDER FORM: https://t.co/HVwUvRhano ğŸ’¸ Pay half of the price as you orderğŸ’¸ Balance: December 30, 2021 ğŸ’¯ Official from Korea and SealedğŸ’¯ with freebies from our shopğŸ“ŒNormal ETA https://t.co/dDQO0ZQz2a",FBSPHGO TWICE Pre order Restock TWICE CANDY BONG Z PHP 2550ORDER FORM Pay half of the price as you order Balance December 30 2021 Official from Korea and Sealed with freebies from our shop Normal ETA,negative
88,taehyung: me                   with my                                   baby star candy https://t.co/iKmkYiYPlW,taehyung me with my baby star candy,neutral
89,#Onmyoji I got a brand new rare skin! Check it out and try your luck!Lo primero es lo primero uwu https://t.co/ChJvAcmVc0,Onmyoji I got a brand new rare skin Check it out and try your luck Lo primero es lo primero uwu,positive
90,Do not forget to add sorrel gourmet compound in your baking list. To enjoy the smooth and intense flavour try it now..........https://t.co/ZOvZtX54cn#niceconfectionery #byebyebrand #candy #chocolate #lolipop #toffee  #chocolate #byebyebrand #chocolatelover #choco https://t.co/gTtW5TajHN,Do not forget to add sorrel gourmet compound in your baking list To enjoy the smooth and intense flavour try it now byebyebrand candy chocolate lolipop toffee chocolate byebyebrand chocolatelover choco,positive
91,taehyung: me                   with my                                   baby star candy https://t.co/iKmkYiYPlW,taehyung me with my baby star candy,neutral
92,Night City #Cyberpunk2077 https://t.co/YSfDKYx4Em,Night City Cyberpunk2077,neutral
93,Our lovely jubbly and his baby star candy vibing and dancing cutely ğŸ¥ºhttps://t.co/y0gMdMZDQq,Our lovely jubbly and his baby star candy vibing and dancing cutely,positive
94,taehyung: me                   with my                                   baby star candy https://t.co/iKmkYiYPlW,taehyung me with my baby star candy,neutral
95,taehyung: me                   with my                                   baby star candy https://t.co/iKmkYiYPlW,taehyung me with my baby star candy,neutral
96,taehyung: me                   with my                                   baby star candy https://t.co/iKmkYiYPlW,taehyung me with my baby star candy,neutral
97,Blooper using the Bowser Candy. https://t.co/FprgxNpz2X,Blooper using the Bowser Candy,neutral
98,à¸£à¹‰à¸²à¸™ Sweet Day à¸‚à¸™à¸¡à¸à¹‡à¸­à¸£à¹ˆà¸­à¸¢ à¹à¸¥à¸°à¸«à¸™à¸¸à¹ˆà¸¡à¹† à¸à¹‡à¸™à¹ˆà¸²à¸£à¸±à¸Desserts from Sweet Day cafÃ© are delish and the boys are eye candy too. ğŸ°ğŸª SWEET DAY PIN | à¹€à¸‚à¹‡à¸¡à¸à¸¥à¸±à¸” SWEET DAY https://t.co/tKmC7JUhmn#Bakerboys #GMMTV https://t.co/LdwaQnQPqc,Sweet Day Desserts from Sweet Day caf are delish and the boys are eye candy too SWEET DAY PIN SWEET DAY GMMTV,positive
99,taehyung: me                   with my                                   baby star candy https://t.co/iKmkYiYPlW,taehyung me with my baby star candy,neutral
100,taehyung: me                   with my                                   baby star candy https://t.co/iKmkYiYPlW,taehyung me with my baby star candy,neutral
101,I Can Be Mean As Fuck. Sweet As Candy. Cold As Water. Evil As Hell Or Loyal As Shoulder. It All Depends On You.TEJRAN SLAYING TOGETHER,I Can Be Mean As Fuck Sweet As Candy Cold As Water Evil As Hell Or Loyal As Shoulder It All Depends On You TEJRAN SLAYING TOGETHER,negative
102,I'm now really crying for the Candy replyğŸ˜­Miss mewgulf so so so so badlyğŸ¥ºHope to see them soonğŸ™ğŸ»#MewGulf#à¸«à¸§à¸²à¸™à¹ƒà¸ˆà¸¡à¸´à¸§à¸à¸¥à¸±à¸Ÿ https://t.co/NvWtpgas0G,I m now really crying for the Candy reply Miss mewgulf so so so so badly Hope to see them soon MewGulf,negative
103,"""""""Legalization = FAIL """"""""Our findings suggest that cannabis legalization is linked to increased exposures""",Legalization FAIL Our findings suggest that cannabis legalization is linked to increased exposures,negative
104,Scared of Omicron? Have a listen to how theyâ€™re creating something out of nothing â¬‡ï¸Full video in next tweet. https://t.co/bENclBFJT0,Scared of Omicron Have a listen to how they re creating something out of nothing Full video in next tweet,positive
105,Another win under the MCU belt! ğŸ¥‡@LokiOfficial is #TheShow of 2021! #PCAs https://t.co/BhsDvqqdlx,Another win under the MCU belt is TheShow of 2021 PCAs,positive
106,"&gt; dalgonagendera gender connected to the traditional korean candy dalgona . this gender could be connected to squid game , but doesn't have to becoined by gender-merchant on tumblr!!//#xenogender #xenogenders #xenictwt #MOGAI// https://t.co/zLqhUy5fOi",gt dalgonagendera gender connected to the traditional korean candy dalgona this gender could be connected to squid game but doesn t have to becoined by gender merchant on tumblr xenogender xenogenders xenictwt MOGAI,negative
107,@pplR_fake Yr wo roi ki tarha jo candy hoti??? Jske packet me nakli note b dale hote??? Wo cotton candy usy kehte thy burhiya k bal,fake Yr wo roi ki tarha jo candy hoti Jske packet me nakli note b dale hote Wo cotton candy usy kehte thy burhiya k bal,negative
108,@DeosTomates a new tik tok candy i guess,a new tik tok candy i guess,positive
109,"Candy Crush brings in a reported $633,000 a day inÂ revenue",Candy Crush brings in a reported 633 000 a day in revenue,neutral
110,@DeosTomates a new tik tok candy i guess,a new tik tok candy i guess,positive
111,Holy crap https://t.co/eBOI2NC1fD,Holy crap,negative
112,#JAEHYUN: she thinks sheâ€™s made of candy https://t.co/1d1eHBwH7x,JAEHYUN she thinks she s made of candy,neutral
113,I Can Be Mean As Fuck. Sweet As Candy. Cold As Water. Evil As Hell Or Loyal As Shoulder. It All Depends On You.TEJRAN SLAYING TOGETHER,I Can Be Mean As Fuck Sweet As Candy Cold As Water Evil As Hell Or Loyal As Shoulder It All Depends On You TEJRAN SLAYING TOGETHER,negative
114,""""""".@B_hundred_Hyun's """"""""Candy"""""""" ranks #1 on Deezer's Top South Korea chart. https://t.co/mKbhekRhzi""""""",hundred Hyun s Candy ranks 1 on Deezer s Top South Korea chart,positive
115,My drawing feels like a memory https://t.co/O20Ef2Tdpf,My drawing feels like a memory,neutral
116,taehyung: me                   with my                                   baby star candy https://t.co/iKmkYiYPlW,taehyung me with my baby star candy,neutral
117,taehyung: me                   with my                                   baby star candy https://t.co/iKmkYiYPlW,taehyung me with my baby star candy,neutral
118,taehyung: me                   with my                                   baby star candy https://t.co/iKmkYiYPlW,taehyung me with my baby star candy,neutral
119,taehyung: me                   with my                                   baby star candy https://t.co/iKmkYiYPlW,taehyung me with my baby star candy,neutral
120,"My bank account and my taste donâ€™t match, and it really upsets me.",My bank account and my taste don t match and it really upsets me,positive
121,Heart Shaker so my Candy Pop! #MAMAVOTE #twice,Heart Shaker so my Candy Pop MAMAVOTE twice,neutral
122,Holiday Dress #candycanes #bows #holidays #red #supercute #giftsforher #giftshop #RBandME #findyourthing #peppermint https://t.co/mNP98fIVwu,Holiday Dress candycanes bows holidays red supercute giftsforher giftshop RBandME findyourthing peppermint,neutral
123,taehyung: me                   with my                                   baby star candy https://t.co/iKmkYiYPlW,taehyung me with my baby star candy,neutral
124,taehyung: me                   with my                                   baby star candy https://t.co/iKmkYiYPlW,taehyung me with my baby star candy,neutral
125,"Lollipops are pretty much the best thing ever. The candy tastes awesome, but also, it looks really cool just having a stick hanging out of your mouth. It gives me, like... a real punk kind of vibe. Here, you try it!",Lollipops are pretty much the best thing ever The candy tastes awesome but also it looks really cool just having a stick hanging out of your mouth It gives me like a real punk kind of vibe Here you try it,positive
126,"""""""ğŸ†˜CODE REDğŸ†˜TBD THU 12/9/21ğŸ†˜ğŸ’“HIDING"," SCARED 2YO WHITE &amp; #TABBY KITTY """"""""CANDY""""""""ğŸ’“ğŸ˜¾ğŸ’”DUMPED 4 BEING BULLIED BY OTHER CATS IN THE HOMEğŸš¨NEEDS #ADOPTION #RESCUE #FOSTER ASAPğŸš¨ğŸš¨128966 https://t.co/R1ZFDA4OQrğŸ™ğŸ½#ADOPT #PLEDGE #AdoptDontShop#BROOKLYN #NYCACC #CAT #CatsofTwitter https://t.co/Er6SQpY4O9""""""",negative
127,@WendyGGA @jacquesmcclary1 I'm doin my paper work. But would be nice to have some eye candy too,I m doin my paper work But would be nice to have some eye candy too,positive
128,I know you are all psyched about my awards but I just hugged Tom Hiddleston and I'm still in shock,I know you are all psyched about my awards but I just hugged Tom Hiddleston and I m still in shock,neutral
129,"So, you from around here? I'm just here on business... I really like your pink fur. You're like the cotton candy of the jungle!",So you from around here I m just here on business I really like your pink fur You re like the cotton candy of the jungle,positive
130,IT DOESNâ€™T MATTER IF YOU WIN THE GRAMMYSâ€¼ï¸ You can take your Grammy nominationâ€¦ shine it up real niceâ€¦ turn it sideways and SHOVE IT UP YOUR CANDY ASS. Cuz 2022â€¦ The Rock is comingâ€¦ BACKâ€¦ to the music scene https://t.co/C0hK22ghg9,IT DOESN T MATTER IF YOU WIN THE GRAMMYS You can take your Grammy nomination shine it up real nice turn it sideways and SHOVE IT UP YOUR CANDY ASS Cuz 2022 The Rock is coming BACK to the music scene,positive
131,"@baekhyunn_candy I deactivated bc of this, it gave me anxiety ğŸ’€",candy I deactivated bc of this it gave me anxiety,neutral
132,"@HodlrDotRocks Well hell. Its finally nice to see people on the blockchain that say that. Most here can wait to stick a chip up the back side , Hey chief when you get tired of BTC it s lole taken candy from babies on this side of the pond.",Well hell Its finally nice to see people on the blockchain that say that Most here can wait to stick a chip up the back side Hey chief when you get tired of BTC it s lole taken candy from babies on this side of the pond,positive
133,@venthepenguin â€” aus !!â€” penguins (they're so cute ğŸ˜­)â€” candy cane,aus penguins they re so cute candy cane,positive
134,Our lovely jubbly and his baby star candy vibing and dancing cutely ğŸ¥ºhttps://t.co/y0gMdMZDQq,Our lovely jubbly and his baby star candy vibing and dancing cutely,positive
135,Our lovely jubbly and his baby star candy vibing and dancing cutely ğŸ¥ºhttps://t.co/y0gMdMZDQq,Our lovely jubbly and his baby star candy vibing and dancing cutely,positive
136,It's #NationalCottonCandyDay &amp; what better way to sweeten the day than WINNING shreds of Curveball Cotton Candy â€¼ï¸ğŸ¬RT this postğŸ¬Tag 2 friendsğŸ¬Comment your favorite Cotton Candy GIFWinner will be announced 12/10 https://t.co/JsNHiEqJ5l,It s NationalCottonCandyDay amp what better way to sweeten the day than WINNING shreds of Curveball Cotton Candy RT this post Tag 2 friends Comment your favorite Cotton Candy GIFWinner will be announced 12 10,positive
137,"ğŸ„It's beginning to look a lot like Christmas â„ï¸Everywhere you goâ³Take a look at the five and ten, it's glistening once againğŸ­With candy canes and silver lanes that glow #bombcrypto #BCOIN #BSC #GameFi #NFTGame https://t.co/LpzdghaZIk",It s beginning to look a lot like Christmas Everywhere you go Take a look at the five and ten it s glistening once again With candy canes and silver lanes that glow bombcrypto BCOIN BSC GameFi NFTGame,neutral
138,"Turkey, eggnog, candy-cane HEY HO",Turkey eggnog candy cane HEY HO,neutral
139,taehyung: me                   with my                                   baby star candy https://t.co/iKmkYiYPlW,taehyung me with my baby star candy,neutral
140,@kimjuncottonOT9 they cover it here and there in 2021ğŸ˜‹,they cover it here and there in 2021,neutral
141,taehyung: me                   with my                                   baby star candy https://t.co/iKmkYiYPlW,taehyung me with my baby star candy,neutral
142,"Kier, it's an easy home run. It's an open goal. It's candy from a baby.",Kier it s an easy home run It s an open goal It s candy from a baby,positive
143,@_baekachu_ if this happens they gonna s word me https://t.co/jKwFNQhiXf,baekachu if this happens they gonna s word me,neutral
144,"As I watch a lot of black movies from the 90â€™s and 2000â€™s I realize black directors couldâ€™ve made a universe out of them.Like in â€œthink like a manâ€ Regina Hall character name was Candace, a single mom looking for love and in â€œThe Best Manâ€ her name was candy, a stripper.",As I watch a lot of black movies from the 90 s and 2000 s I realize black directors could ve made a universe out of them Like in think like a man Regina Hall character name was Candace a single mom looking for love and in The Best Man her name was candy a stripper,positive
145,taehyung: me                   with my                                   baby star candy https://t.co/iKmkYiYPlW,taehyung me with my baby star candy,neutral
146,taehyung: me                   with my                                   baby star candy https://t.co/iKmkYiYPlW,taehyung me with my baby star candy,neutral
147,taehyung: me                   with my                                   baby star candy https://t.co/iKmkYiYPlW,taehyung me with my baby star candy,neutral
148,"""""""@AznableDreams @HeebPunished @jacfalcon @writriverdale @StMarthaCath @theskyscribe Probably so. I think Wreck-It-Ralph was the biggest culmination of the Gen Z innocence during that pre-2014 time.Pre-DLC Season Pass gaming", Dubstep,neutral
149,IC WTS LFB PHTWICE Official Lightstick Candy Bong Z ver. 2- Onhand- 10/10 condition- The box has some damages but the lightstick itself is in perfect condition- can connect to Bluetoothprice: 1750 (1500 if PAYO)mod: shopee checkoutcan send more proofs via dm https://t.co/h3f2eU0yWR,IC WTS LFB PHTWICE Official Lightstick Candy Bong Z ver 2 Onhand 10 10 condition The box has some damages but the lightstick itself is in perfect condition can connect to Bluetoothprice 1750 1500 if PAYO mod shopee checkoutcan send more proofs via dm,positive
150,@ConcernedinPV @Jetson77 @Argusarrow @jeff77531528 @alshadowdancer @pan_dejo_ @SnoJustis @Angel_13_Rising @AnnieAdeIe1 @EthanolFree90 @Evry1H8sGrtzLOL @Sinner_Lilith @EatMe1369 @ItsBT50 @J0anofSarc @giddy_bunny @Flattielover @CABImages @PennyLynn3 @LadyOfTheOcean1 @Arizona_Sheriff @ThePoorMan95 @LarryWoolfolk2 @NanetteDonnelly @JackSpratCat @PaigeMiIner @cloudzzz757 @LisaNicholo @skeeduu @InfectiousMasc1 @MarkHoliday17 @TreatHunterDog @Emma34770971 @furcopalypse @vistaproper @Klee34036780 @Allie4Christ @IMFletcherLives @waywardmegan15 @jerbear714 @schmevil @imvala @misshellca @RushvilleRockit @Cassie_Cascio @chriscr66024638 @AnaSsassin_ @VinceGottalotta @Grmpyii @SuP3rK You jumped into a convo yesterday saying my kids must not be alright because Iâ€™ve adopted 3. Iâ€™ve adopted 2. My daughter has epilepsy and became addicted to opioids because the doctors gave them to her like candy. She was 18 when it revealed itself and I had no control. 1/2,dejo 13 Rising Lilith bunny Sheriff Cascio You jumped into a convo yesterday saying my kids must not be alright because I ve adopted 3 I ve adopted 2 My daughter has epilepsy and became addicted to opioids because the doctors gave them to her like candy She was 18 when it revealed itself and I had no control 1 2,negative
151,"Story time:my baby is army confirmed.So. I woke up early today. And usually I a can feel my baby movements,but to day even after an hour of waking up I couldn't feel any movements, and I panicked. Drank some warm water..no use Ate some candy ..no use, walked,, nothing happened",Story time my baby is army confirmed So I woke up early today And usually I a can feel my baby movements but to day even after an hour of waking up I couldn t feel any movements and I panicked Drank some warm water no use Ate some candy no use walked nothing happened,positive
152,"@RebeccaRideal I donâ€™t know how they sleep at night.Pretty well I suppose, they must do.My uncle died from covid right back at the start of the pandemic, alone. My aunt couldnâ€™t be with him and few people allowed at his funeral. Yet those people were enjoying nose candy and laughing at us.",I don t know how they sleep at night Pretty well I suppose they must do My uncle died from covid right back at the start of the pandemic alone My aunt couldn t be with him and few people allowed at his funeral Yet those people were enjoying nose candy and laughing at us,positive
153,@3mpireTimes @RockstarGames @RedDeadVibes @RedDeadNet @NemesisNat @iEricof @Rum_raisin32 @McRagstig @Dande_Lion55 @azuazu1202luna Thank you Empicorn ğŸ¦„,raisin32 Lion55 Thank you Empicorn,neutral
154,"#FBSPHGO #TWICE[Pre-order] [Restock]â–ªTWICE CANDY BONG Z - PHP 2550ORDER FORM: https://t.co/HVwUvRhano ğŸ’¸ Pay half of the price as you orderğŸ’¸ Balance: December 30, 2021 ğŸ’¯ Official from Korea and SealedğŸ’¯ with freebies from our shopğŸ“ŒNormal ETA https://t.co/dDQO0ZQz2a",FBSPHGO TWICE Pre order Restock TWICE CANDY BONG Z PHP 2550ORDER FORM Pay half of the price as you order Balance December 30 2021 Official from Korea and Sealed with freebies from our shop Normal ETA,negative
155,Trading neon shadow #adoptme Looking for mega parrot and candy cannon or mega parrot and mega hedgehog or 2 candy cannons and a neon frost dragon or mega crow and mega evil uniThose are what I want for my NFR Shadow comment if u wanna offer my NFR shadow,Trading neon shadow adoptme Looking for mega parrot and candy cannon or mega parrot and mega hedgehog or 2 candy cannons and a neon frost dragon or mega crow and mega evil uniThose are what I want for my NFR Shadow comment if u wanna offer my NFR shadow,negative
156,taehyung: me                   with my                                   baby star candy https://t.co/iKmkYiYPlW,taehyung me with my baby star candy,neutral
157,ğŸ”¥ $100K $MMR Sweet Candy Airdrop launchedğŸ­ğŸ‘‡$10 $MMR âœ… Follow &amp; reweetâœ… Follow telegram group &amp; channelâœ… Referral: $3 $MMR Distribution after 1 week endğŸ‰Start here: https://t.co/pavK89lPJuTutorial check: https://t.co/zaIIOgo0yw #airdrop #Giveaways #MMRS,100K MMR Sweet Candy Airdrop launched 10 MMR Follow amp reweet Follow telegram group amp channel Referral 3 MMR Distribution after 1 week end Start here check airdrop Giveaways MMRS,positive
158,taehyung: me                   with my                                   baby star candy https://t.co/iKmkYiYPlW,taehyung me with my baby star candy,neutral
159,IC WTS LFB PHTWICE Official Lightstick Candy Bong Z ver. 2- Onhand- 10/10 condition- The box has some damages but the lightstick itself is in perfect condition- can connect to Bluetoothprice: 1750 (1500 if PAYO)mod: shopee checkoutcan send more proofs via dm https://t.co/h3f2eU0yWR,IC WTS LFB PHTWICE Official Lightstick Candy Bong Z ver 2 Onhand 10 10 condition The box has some damages but the lightstick itself is in perfect condition can connect to Bluetoothprice 1750 1500 if PAYO mod shopee checkoutcan send more proofs via dm,positive
160,taehyung: me                   with my                                   baby star candy https://t.co/iKmkYiYPlW,taehyung me with my baby star candy,neutral
161,taehyung: me                   with my                                   baby star candy https://t.co/iKmkYiYPlW,taehyung me with my baby star candy,neutral
162,taehyung: me                   with my                                   baby star candy https://t.co/iKmkYiYPlW,taehyung me with my baby star candy,neutral
163,taehyung: me                   with my                                   baby star candy https://t.co/iKmkYiYPlW,taehyung me with my baby star candy,neutral
164,"@luC_candy I am, thanks ğŸ˜˜",candy I am thanks,positive
165,taehyung: me                   with my                                   baby star candy https://t.co/iKmkYiYPlW,taehyung me with my baby star candy,neutral
166,IC WTS LFB PHTWICE Official Lightstick Candy Bong Z ver. 2- Onhand- 10/10 condition- The box has some damages but the lightstick itself is in perfect condition- can connect to Bluetoothprice: 1750 (1500 if PAYO)mod: shopee checkoutcan send more proofs via dm https://t.co/h3f2eU0yWR,IC WTS LFB PHTWICE Official Lightstick Candy Bong Z ver 2 Onhand 10 10 condition The box has some damages but the lightstick itself is in perfect condition can connect to Bluetoothprice 1750 1500 if PAYO mod shopee checkoutcan send more proofs via dm,positive
167,My mom got me sour candy belts.I am happy now.,My mom got me sour candy belts I am happy now,positive
168,taehyung: me                   with my                                   baby star candy https://t.co/iKmkYiYPlW,taehyung me with my baby star candy,neutral
169,ğŸ”¥ $100K $MMR Sweet Candy Airdrop launchedğŸ­ğŸ‘‡$10 $MMR âœ… Follow &amp; reweetâœ… Follow telegram group &amp; channelâœ… Referral: $3 $MMR Distribution after 1 week endğŸ‰Start here: https://t.co/pavK89lPJuTutorial check: https://t.co/zaIIOgo0yw #airdrop #Giveaways #MMRS,100K MMR Sweet Candy Airdrop launched 10 MMR Follow amp reweet Follow telegram group amp channel Referral 3 MMR Distribution after 1 week end Start here check airdrop Giveaways MMRS,positive
170,@MarciaBarrie @NpsRrt @ljlevine1 @bab_102 @rexzane1 @JtRuss21 @jewel444 @jziggs228 @BlueGME @jbminatra @Helen504 @aaustin30 @gussyupper @MxTuner58 @TRUESAY14 @HeyCanceled @LoveMyKiaraM @DrunkenCrunker Thanks sis ! I adore cotton candy! Have a lovely day sweetie ğŸ¤—ğŸ‚ğŸ’— https://t.co/wPzz6ZtEzx,102 Thanks sis I adore cotton candy Have a lovely day sweetie,positive
171,"#FBSPHGO #TWICE[Pre-order] [Restock]â–ªTWICE CANDY BONG Z - PHP 2550ORDER FORM: https://t.co/HVwUvRhano ğŸ’¸ Pay half of the price as you orderğŸ’¸ Balance: December 30, 2021 ğŸ’¯ Official from Korea and SealedğŸ’¯ with freebies from our shopğŸ“ŒNormal ETA https://t.co/dDQO0ZQz2a",FBSPHGO TWICE Pre order Restock TWICE CANDY BONG Z PHP 2550ORDER FORM Pay half of the price as you order Balance December 30 2021 Official from Korea and Sealed with freebies from our shop Normal ETA,negative
172,@DegenApeAcademy is the reason candy machine exists.@DegenTrashPanda is the reason it's getting an overhaul.Carry on.,is the reason candy machine exists is the reason it s getting an overhaul Carry on,neutral
173,Our lovely jubbly and his baby star candy vibing and dancing cutely ğŸ¥ºhttps://t.co/y0gMdMZDQq,Our lovely jubbly and his baby star candy vibing and dancing cutely,positive
174,"Take5 and warm up!  Get ready to work safe!  All employees given big red gum, cinnamon jolly rancherâ€™s and of course Take 5 candy bar. @ericgriffin86 @dan_mouw @thuberb22 @East_Iowa_UPS @jrindafernshaw https://t.co/Lh5kDzU24x",Take5 and warm up Get ready to work safe All employees given big red gum cinnamon jolly rancher s and of course Take 5 candy bar mouw Iowa UPS,positive
175,"ğŸ˜­Please give us an album, this teasing thing ain't it https://t.co/ELPLIkVntZ",Please give us an album this teasing thing ain t it,neutral
176,"ğŸ„It's beginning to look a lot like Christmas â„ï¸Everywhere you goâ³Take a look at the five and ten, it's glistening once againğŸ­With candy canes and silver lanes that glow #bombcrypto #BCOIN #BSC #GameFi #NFTGame https://t.co/LpzdghaZIk",It s beginning to look a lot like Christmas Everywhere you go Take a look at the five and ten it s glistening once again With candy canes and silver lanes that glow bombcrypto BCOIN BSC GameFi NFTGame,neutral
177,taehyung: me                   with my                                   baby star candy https://t.co/iKmkYiYPlW,taehyung me with my baby star candy,neutral
178,taehyung: me                   with my                                   baby star candy https://t.co/iKmkYiYPlW,taehyung me with my baby star candy,neutral
179,"""""""@AchievementHunt A small moment that still makes me laugh is Matt saying"," """"""""Oh""",neutral
180,ğŸ”¥ $100K $MMR Sweet Candy Airdrop launchedğŸ­ğŸ‘‡$10 $MMR âœ… Follow &amp; reweetâœ… Follow telegram group &amp; channelâœ… Referral: $3 $MMR Distribution after 1 week endğŸ‰Start here: https://t.co/pavK89lPJuTutorial check: https://t.co/zaIIOgo0yw #airdrop #Giveaways #MMRS,100K MMR Sweet Candy Airdrop launched 10 MMR Follow amp reweet Follow telegram group amp channel Referral 3 MMR Distribution after 1 week end Start here check airdrop Giveaways MMRS,positive
181,taehyung: me                   with my                                   baby star candy https://t.co/iKmkYiYPlW,taehyung me with my baby star candy,neutral
182,$100 GIVEAWAY â€¢ Retweet &amp; Follow @quizarenaioâ€¢ RT their ğŸ“Œ Ends in 24 hours https://t.co/dBOPAFXOXn,100 GIVEAWAY Retweet amp Follow RT their Ends in 24 hours,neutral
183,taehyung: me                   with my                                   baby star candy https://t.co/iKmkYiYPlW,taehyung me with my baby star candy,neutral
184,taehyung: me                   with my                                   baby star candy https://t.co/iKmkYiYPlW,taehyung me with my baby star candy,neutral
185,taehyung: me                   with my                                   baby star candy https://t.co/iKmkYiYPlW,taehyung me with my baby star candy,neutral
186,@syisla yes me lang to hybrid HAHAHAHAH candy &amp; donut !!,yes me lang to hybrid HAHAHAHAH candy amp donut,neutral
187,Candy Shoppe for the Holiday's #RBandME #findyourthing #holidays #giftsforher https://t.co/qwQqssX30X,Candy Shoppe for the Holiday s RBandME findyourthing holidays giftsforher,neutral
188,"ayo to whoever has to stock that cart of candyâ€¦im so sorry, butyou ğŸ—£ are ğŸ—£ fucked ğŸ—£ !",ayo to whoever has to stock that cart of candy im so sorry butyou are fucked,negative
189,taehyung: me                   with my                                   baby star candy https://t.co/iKmkYiYPlW,taehyung me with my baby star candy,neutral
190,@TheSorites Nice I got a hundo yesterday I done have enough candy or xl to power it up gonna wait,Nice I got a hundo yesterday I done have enough candy or xl to power it up gonna wait,positive
191,@iKON_INTL CandyiKONICS GATHER UP#STANWORLD #iKON @YG_iKONIC,INTL CandyiKONICS GATHER UP STANWORLD iKON iKONIC,neutral
192,$100 GIVEAWAY â€¢ Retweet &amp; Follow @TuffyNFT @LorenzoNFTs @SpadesNFTEnds in 24 hours,100 GIVEAWAY Retweet amp Follow in 24 hours,neutral
193,"When you zoom a lot of buckle, you feel full of candy cane.",When you zoom a lot of buckle you feel full of candy cane,positive
194,S-sour candy,S sour candy,negative
195,Trading candy set for ew set + adds in mm2,Trading candy set for ew set adds in mm2,neutral
196,spent an hour playing candy crush.,spent an hour playing candy crush,negative
197,taehyung: me                   with my                                   baby star candy https://t.co/iKmkYiYPlW,taehyung me with my baby star candy,neutral
198,Our lovely jubbly and his baby star candy vibing and dancing cutely ğŸ¥ºhttps://t.co/y0gMdMZDQq,Our lovely jubbly and his baby star candy vibing and dancing cutely,positive
199,@putanginangun candy &amp; lollipop !!!!,candy amp lollipop,neutral
200,the lovely jubbly ğŸ”¥ with his baby star candy ğŸŒŸ https://t.co/hQ6DLx3A7k,the lovely jubbly with his baby star candy,positive
201,@element115081 u can just call me candy ;- ; or cotton if u want but I BELIEVE IN U IS THIS THE START OF THE POKEMON THEME SOng-,u can just call me candy or cotton if u want but I BELIEVE IN U IS THIS THE START OF THE POKEMON THEME SOng,neutral
202,With all the candy canes being munched over the festive periodğŸ…ğŸ¼ğŸ¤make sure to include us in your daily routine to keep those smiles sparkling âœ¨ğŸ˜ğŸ“ #keepsmiling #christmascountdown #teethcleaning https://t.co/BZcMcKDYaV https://t.co/maKiI2dhHB,With all the candy canes being munched over the festive period make sure to include us in your daily routine to keep those smiles sparkling keepsmiling christmascountdown teethcleaning,positive
203,"@A_9codm And you know it's bad for the teeth! You can always cut it down, orrrrr go to energy drinks with zero sugar. I do that now. But candy is my weakness. ğŸ˜”",9codm And you know it s bad for the teeth You can always cut it down orrrrr go to energy drinks with zero sugar I do that now But candy is my weakness,negative
204,Trading candy set for ew set + adds in mm2,Trading candy set for ew set adds in mm2,neutral
205,"Girl my kids too, I ended up throwing the shit away cus I kept finding her with some candy some how smh lol https://t.co/tSHoFUfBsX",Girl my kids too I ended up throwing the shit away cus I kept finding her with some candy some how smh lol,positive
206,Trading candy set for ew set + adds in mm2,Trading candy set for ew set adds in mm2,neutral
207,you're everything. you're on the next level. you're my candy. you're so hot . you're my loser. you're my lover. you're indeed cooking like a chef. you're the stealer of my heart and you're creeping in it. you are.,you re everything you re on the next level you re my candy you re so hot you re my loser you re my lover you re indeed cooking like a chef you re the stealer of my heart and you re creeping in it you are,positive
208,taehyung: me                   with my                                   baby star candy https://t.co/iKmkYiYPlW,taehyung me with my baby star candy,neutral
209,taehyung: me                   with my                                   baby star candy https://t.co/iKmkYiYPlW,taehyung me with my baby star candy,neutral
210,taehyung: me                   with my                                   baby star candy https://t.co/iKmkYiYPlW,taehyung me with my baby star candy,neutral
211,taehyung: me                   with my                                   baby star candy https://t.co/iKmkYiYPlW,taehyung me with my baby star candy,neutral
212,â € â € â €  ğŸ¤ ã€€   ğŸ¬ğŸ¬ğŸ¬    ğŸ¬   ğŸ¬ã€€ğŸ¬   ğŸ‘‡   ğŸ¬ğŸ¬ ğŸ‘‡  ã€€  ğŸ¬ã€€ğŸ¬ã€€   ğŸ¬ã€€ ğŸ¬ã€€   ğŸ‘¢     ğŸ‘¢howdy. i'm the sheriff of candy,howdy i m the sheriff of candy,neutral
213,"I thought Iâ€™d make keychains with them ğŸ˜­I remembered about my headcanon that Erebus likes red onions (that you can actually find in the game in this place). anyway, when he was a kid, he hid onions under his pillow like candy ğŸ˜­ğŸ¤²ğŸ» https://t.co/b5WyOToqCd",I thought I d make keychains with them I remembered about my headcanon that Erebus likes red onions that you can actually find in the game in this place anyway when he was a kid he hid onions under his pillow like candy,negative
214,taehyung: me                   with my                                   baby star candy https://t.co/iKmkYiYPlW,taehyung me with my baby star candy,neutral
215,taehyung: me                   with my                                   baby star candy https://t.co/iKmkYiYPlW,taehyung me with my baby star candy,neutral
216,"#FBSPHGO #TWICE[Pre-order] [Restock]â–ªTWICE CANDY BONG Z - PHP 2550ORDER FORM: https://t.co/HVwUvRhano ğŸ’¸ Pay half of the price as you orderğŸ’¸ Balance: December 30, 2021 ğŸ’¯ Official from Korea and SealedğŸ’¯ with freebies from our shopğŸ“ŒNormal ETA https://t.co/dDQO0ZQz2a",FBSPHGO TWICE Pre order Restock TWICE CANDY BONG Z PHP 2550ORDER FORM Pay half of the price as you order Balance December 30 2021 Official from Korea and Sealed with freebies from our shop Normal ETA,negative
217,The fact that he pushes people off the roof for some candy?,The fact that he pushes people off the roof for some candy,neutral
218,[week10 - candy] ğŸ¬âœ¨#oikage #à¹‚à¸­à¸­à¸´à¸„à¸²à¹€à¸‡ #à¹‚à¸­à¸¢à¹€à¸‡ #åŠå½± #OikageWeekly #à¸ªà¸­à¸™à¹€à¸ªà¸´à¸£à¹Œà¸Ÿà¸£à¸²à¸¢à¸ªà¸±à¸›à¸”à¸²à¸«à¹Œ https://t.co/TlTaRofU73,week10 candy oikage OikageWeekly,neutral
219,"Cold night like this, some eye candy and Christmas ğŸ„ hints not even 10 stations away from home. Sidenote: the selfie isn't really for me but for the gold chained jii-sama behind me. https://t.co/94oKNI7Smn",Cold night like this some eye candy and Christmas hints not even 10 stations away from home Sidenote the selfie isn t really for me but for the gold chained jii sama behind me,negative
220,pink candy panda bear via https://t.co/Cv57r3ADFp,pink candy panda bear via,negative
221,Our lovely jubbly and his baby star candy vibing and dancing cutely ğŸ¥ºhttps://t.co/y0gMdMZDQq,Our lovely jubbly and his baby star candy vibing and dancing cutely,positive
222,@SumOf134 /  rly gets ur muse going to have fitting song right!!i do the same for candy,rly gets ur muse going to have fitting song right i do the same for candy,positive
223,taehyung: me                   with my                                   baby star candy https://t.co/iKmkYiYPlW,taehyung me with my baby star candy,neutral
224,Not mean playing candy crush to avoid getting upset in this meeting ğŸ¤£,Not mean playing candy crush to avoid getting upset in this meeting,positive
225,"Fellas surprise her with her favorite candy, but her flowers, pay a bill, send her to a spa. Do something that shows her youâ€™re thinking of her, it doesnâ€™t even have to be monetary gesture just do something thoughtful.",Fellas surprise her with her favorite candy but her flowers pay a bill send her to a spa Do something that shows her you re thinking of her it doesn t even have to be monetary gesture just do something thoughtful,positive
226,taehyung: me                   with my                                   baby star candy https://t.co/iKmkYiYPlW,taehyung me with my baby star candy,neutral
227,"Nobody eats the leftover candy canes in the house except me, because they know what I'll do to them otherwise.",Nobody eats the leftover candy canes in the house except me because they know what I ll do to them otherwise,neutral
228,taehyung: me                   with my                                   baby star candy https://t.co/iKmkYiYPlW,taehyung me with my baby star candy,neutral
229,12/15ã€€ã€œhigh grade hybridRainbow Candy1.500010.45000ğŸ“®500https://t.co/imxPDl3zIS,12 15 high grade hybridRainbow Candy1 500010 45000,positive
230,@KnownOrigin_io GM care for a candy? ğŸ¬,io GM care for a candy,neutral
231,taehyung: me                   with my                                   baby star candy https://t.co/iKmkYiYPlW,taehyung me with my baby star candy,neutral
232,"First sim- DKA, too many candy canes! @NWSEN @pefteammchft @MidCheshireNHS great video led debrief by Dr Kidd #innovationforeveryone #simulation #CHRISTMASISCOMING https://t.co/gcEwUs6sk1",First sim DKA too many candy canes great video led debrief by Dr Kidd innovationforeveryone simulation CHRISTMASISCOMING,positive
233,Our lovely jubbly and his baby star candy vibing and dancing cutely ğŸ¥ºhttps://t.co/y0gMdMZDQq,Our lovely jubbly and his baby star candy vibing and dancing cutely,positive
234,â€˜When Love Finds Youâ€™ episode ft my baby now out ğŸ¥°â™¥ï¸ ğŸ”— https://t.co/DdVeyf6VEv https://t.co/k6gUMQrL6i,When Love Finds You episode ft my baby now out,positive
235,I'm now really crying for the Candy replyğŸ˜­Miss mewgulf so so so so badlyğŸ¥ºHope to see them soonğŸ™ğŸ»#MewGulf#à¸«à¸§à¸²à¸™à¹ƒà¸ˆà¸¡à¸´à¸§à¸à¸¥à¸±à¸Ÿ https://t.co/NvWtpgas0G,I m now really crying for the Candy reply Miss mewgulf so so so so badly Hope to see them soon MewGulf,negative
236,"The bears are living in a harmony through DAO, allowing owners to participate in Halloween candy bonus activities. https://t.co/ugxoVwcQsk",The bears are living in a harmony through DAO allowing owners to participate in Halloween candy bonus activities,neutral
237,Sex and Candy - Marcy Playground,Sex and Candy Marcy Playground,neutral
238,taehyung: me                   with my                                   baby star candy https://t.co/iKmkYiYPlW,taehyung me with my baby star candy,neutral
239,"ğŸ„It's beginning to look a lot like Christmas â„ï¸Everywhere you goâ³Take a look at the five and ten, it's glistening once againğŸ­With candy canes and silver lanes that glow #bombcrypto #BCOIN #BSC #GameFi #NFTGame https://t.co/LpzdghaZIk",It s beginning to look a lot like Christmas Everywhere you go Take a look at the five and ten it s glistening once again With candy canes and silver lanes that glow bombcrypto BCOIN BSC GameFi NFTGame,neutral
240,@Danger_gone Great. Candy! You know Shrub. You guys get up to anything kinky?,gone Great Candy You know Shrub You guys get up to anything kinky,positive
241,#TYUNNING CANDY ğŸ¬ https://t.co/SW5Abkfp7g,TYUNNING CANDY,neutral
242,âš¡âš¡ Jelly Candy just got sold for 0.01BNB ($5.85). Link: https://t.co/3PFXwdsUzP#Pentas https://t.co/yY4d8EN900,Jelly Candy just got sold for 0 01BNB 5 85 Link,neutral
243,Links for today's 'Raina's Biscuits and Star Candy' 7PM KST Web LinkğŸ’œ https://t.co/cG8OUeGuNCDefense FM Star Candy App Download Links Android https://t.co/SFSpuWVwdKApple https://t.co/wBGBQgRLcn,Links for today s Raina s Biscuits and Star Candy 7PM KST Web Link FM Star Candy App Download Links Android,neutral
244,taehyung: me                   with my                                   baby star candy https://t.co/iKmkYiYPlW,taehyung me with my baby star candy,neutral
245,pink candy panda bear via https://t.co/Cv57r3ADFp,pink candy panda bear via,negative
246,"bringing a little Christmas magic to the workplace....a lovely demi arch featuring balloon present, candy cane and swirl and of course sparkling lights... https://t.co/2b77Nb9IGZ",bringing a little Christmas magic to the workplace a lovely demi arch featuring balloon present candy cane and swirl and of course sparkling lights,positive
247,I'm now really crying for the Candy replyğŸ˜­Miss mewgulf so so so so badlyğŸ¥ºHope to see them soonğŸ™ğŸ»#MewGulf#à¸«à¸§à¸²à¸™à¹ƒà¸ˆà¸¡à¸´à¸§à¸à¸¥à¸±à¸Ÿ https://t.co/NvWtpgas0G,I m now really crying for the Candy reply Miss mewgulf so so so so badly Hope to see them soon MewGulf,negative
248,[week10 - candy] ğŸ¬âœ¨#oikage #à¹‚à¸­à¸­à¸´à¸„à¸²à¹€à¸‡ #à¹‚à¸­à¸¢à¹€à¸‡ #åŠå½± #OikageWeekly #à¸ªà¸­à¸™à¹€à¸ªà¸´à¸£à¹Œà¸Ÿà¸£à¸²à¸¢à¸ªà¸±à¸›à¸”à¸²à¸«à¹Œ https://t.co/TlTaRofU73,week10 candy oikage OikageWeekly,neutral
249,I vote #nctdream for Worldwide Fans' Choice TOP 10 at 2021 MAMA #MAMAVOTE https://t.co/KoqxvrMQZ9,I vote nctdream for Worldwide Fans Choice TOP 10 at 2021 MAMA MAMAVOTE,positive
250,taehyung: me                   with my                                   baby star candy https://t.co/iKmkYiYPlW,taehyung me with my baby star candy,neutral
251,taehyung: me                   with my                                   baby star candy https://t.co/iKmkYiYPlW,taehyung me with my baby star candy,neutral
252,Not mean playing candy crush to avoid getting upset in this meeting ğŸ¤£,Not mean playing candy crush to avoid getting upset in this meeting,positive
253,ğŸŒ¸ imagine your comfort character plopping a piece of sweet candy in your mouth ğŸ¬,imagine your comfort character plopping a piece of sweet candy in your mouth,positive
254,@psmark1821 ğŸ’•ğŸŒ™ candy 22,candy 22,neutral
255,taehyung: me                   with my                                   baby star candy https://t.co/iKmkYiYPlW,taehyung me with my baby star candy,neutral
256,""""""".@B_hundred_Hyun's """"""""Candy"""""""" ranks #1 on Deezer's Top South Korea chart. https://t.co/mKbhekRhzi""""""",hundred Hyun s Candy ranks 1 on Deezer s Top South Korea chart,positive
257,Links for today's 'Raina's Biscuits and Star Candy' 7PM KST Web LinkğŸ’œ https://t.co/cG8OUeGuNCDefense FM Star Candy App Download Links Android https://t.co/SFSpuWVwdKApple https://t.co/wBGBQgRLcn,Links for today s Raina s Biscuits and Star Candy 7PM KST Web Link FM Star Candy App Download Links Android,neutral
258,taehyung: me                   with my                                   baby star candy https://t.co/iKmkYiYPlW,taehyung me with my baby star candy,neutral
259,taehyung: me                   with my                                   baby star candy https://t.co/iKmkYiYPlW,taehyung me with my baby star candy,neutral
260,@chrxstianh__ Candy cigarettes https://t.co/KG874SDB49,Candy cigarettes,neutral
261,. @julieroll_ walks into the store to get candy and walks out with almond joys and mints.,walks into the store to get candy and walks out with almond joys and mints,neutral
262,too much candy,too much candy,positive
263,Our lovely jubbly and his baby star candy vibing and dancing cutely ğŸ¥ºhttps://t.co/y0gMdMZDQq,Our lovely jubbly and his baby star candy vibing and dancing cutely,positive
264,taehyung: me                   with my                                   baby star candy https://t.co/iKmkYiYPlW,taehyung me with my baby star candy,neutral
265,@ChillReemDamn Candy lady top seller,Candy lady top seller,positive
266,#love #outfit Candy Color Electric Cycling Bells https://t.co/DRVpaqCrWK https://t.co/e5VPU7IcSW,love outfit Candy Color Electric Cycling Bells,positive
267,It's #NationalCottonCandyDay &amp; what better way to sweeten the day than WINNING shreds of Curveball Cotton Candy â€¼ï¸ğŸ¬RT this postğŸ¬Tag 2 friendsğŸ¬Comment your favorite Cotton Candy GIFWinner will be announced 12/10 https://t.co/JsNHiEqJ5l,It s NationalCottonCandyDay amp what better way to sweeten the day than WINNING shreds of Curveball Cotton Candy RT this post Tag 2 friends Comment your favorite Cotton Candy GIFWinner will be announced 12 10,positive
268,taehyung: me                   with my                                   baby star candy https://t.co/iKmkYiYPlW,taehyung me with my baby star candy,neutral
269,Our lovely jubbly and his baby star candy vibing and dancing cutely ğŸ¥ºhttps://t.co/y0gMdMZDQq,Our lovely jubbly and his baby star candy vibing and dancing cutely,positive
270,"$1,000 GIVEAWAYğŸ’° + one Lazy Tiger Wood Club #NFTTO ENTER:ğŸ‘‰Retweet &amp; Follow:@LazyTigerWCğŸ‘‰Join the LTWC Discord:https://t.co/jy0Fu8zmhcFor a higher chance to win:- Follow us on https://t.co/8mLnYoXPmiâ€¦- Retweet our other postsWinner announcement on 10/12âŒ›ğŸ‰ https://t.co/h6NIWxfZx6",1 000 GIVEAWAY one Lazy Tiger Wood Club NFTTO ENTER Retweet amp Follow Join the LTWC Discord a higher chance to win Follow us on Retweet our other postsWinner announcement on 10 12,positive
271,"@sellkpopdata Candy lab pc,80k each.take all bole negoDom jateng https://t.co/EkO1QQ84kk",Candy lab pc 80k each take all bole negoDom jateng,neutral
272,itâ€™s 3 in the morning and idk why im up thinking about a candy apple.. ğŸ˜­,it s 3 in the morning and idk why im up thinking about a candy apple,neutral
273,Romance isn't always cotton candy - The Swoon Netflix #ThatWinterTheWindBlows#SongHyeKyo #JoInSung ğŸ¥°Watch this SBS drama that gave Kyo her first Daesang for dramas at NETFLIX ğŸ˜ https://t.co/ISimYNxlve,Romance isn t always cotton candy The Swoon Netflix ThatWinterTheWindBlows SongHyeKyo JoInSung Watch this SBS drama that gave Kyo her first Daesang for dramas at NETFLIX,positive
274,taehyung: me                   with my                                   baby star candy https://t.co/iKmkYiYPlW,taehyung me with my baby star candy,neutral
275,@Candy__Spice Thank you ğŸ˜ŠğŸ™,Spice Thank you,neutral
276,taehyung: me                   with my                                   baby star candy https://t.co/iKmkYiYPlW,taehyung me with my baby star candy,neutral
277,$100 GIVEAWAY ~ 24 HOURS â³ï¸ - RT &amp; Follow @gemhostofficial (ğŸ””),100 GIVEAWAY 24 HOURS RT amp Follow,neutral
278,taehyung: me                   with my                                   baby star candy https://t.co/iKmkYiYPlW,taehyung me with my baby star candy,neutral
279,In the mood to go shake my ass at the club ğŸ¥º,In the mood to go shake my ass at the club,neutral
280,taehyung: me                   with my                                   baby star candy https://t.co/iKmkYiYPlW,taehyung me with my baby star candy,neutral
281,@PreetieJules Very much! Enjoy it ğŸ¥°,Very much Enjoy it,positive
282,@baekhyunn_candy i think the exos are forgetting love shot exists too,candy i think the exos are forgetting love shot exists too,positive
283,baby star candy ever since ğŸŒŸ https://t.co/Xde29wuZnE,baby star candy ever since,neutral
284,living out crying in h mart by jbrekkie rn but instead of h mart its my bedroom full of candy from seafood city,living out crying in h mart by jbrekkie rn but instead of h mart its my bedroom full of candy from seafood city,positive
285,@NNNR65 I bet he'd taste like a blueberry Icee mixed with cotton candy,I bet he d taste like a blueberry Icee mixed with cotton candy,neutral
286,"#FBSPHGO #TWICE[Pre-order] [Restock]â–ªTWICE CANDY BONG Z - PHP 2550ORDER FORM: https://t.co/HVwUvRhano ğŸ’¸ Pay half of the price as you orderğŸ’¸ Balance: December 30, 2021 ğŸ’¯ Official from Korea and SealedğŸ’¯ with freebies from our shopğŸ“ŒNormal ETA https://t.co/dDQO0ZQz2a",FBSPHGO TWICE Pre order Restock TWICE CANDY BONG Z PHP 2550ORDER FORM Pay half of the price as you order Balance December 30 2021 Official from Korea and Sealed with freebies from our shop Normal ETA,negative
287,A stranger tried to lure me into a space. They don't even have the decency to have a white van &amp; candy anymore.,A stranger tried to lure me into a space They don t even have the decency to have a white van amp candy anymore,neutral
288,forbidden beach candy https://t.co/JqHwV9VPM5,forbidden beach candy,neutral
289,Pregnancy privilege is a thing!ğŸ˜â¤,Pregnancy privilege is a thing,neutral
290,taehyung: me                   with my                                   baby star candy https://t.co/iKmkYiYPlW,taehyung me with my baby star candy,neutral
291,"Crypto Car Society (@ccsNFT) is going to be the next blue chip NFT! ğŸ’ğŸ‘€ğŸ”¹7,777 Unique 2D Cars!ğŸ”¸500+ Hand-drawn features!ğŸ”¹Low Supply, HQ Art, Community Driven!ğŸ”¹Expecting AT LEAST a 5X after Mint!Follow &amp; Join the Society! ğŸš€@ccsNFT - https://t.co/5Ymwl71SnY https://t.co/71U7xa1nyP",Crypto Car Society is going to be the next blue chip NFT 7 777 Unique 2D Cars 500 Hand drawn features Low Supply HQ Art Community Driven Expecting AT LEAST a 5X after Mint Follow amp Join the Society,positive
292,taehyung: me                   with my                                   baby star candy https://t.co/iKmkYiYPlW,taehyung me with my baby star candy,neutral
293,"""""""#ATINY! With """"""""The Real"""""""" dropping as a new title track""",ATINY With The Real dropping as a new title track,positive
294,taehyung: me                   with my                                   baby star candy https://t.co/iKmkYiYPlW,taehyung me with my baby star candy,neutral
295,"No matter how long you dig through your kidâ€™s candy stash, it doesnâ€™t make any more Twix appear.",No matter how long you dig through your kid s candy stash it doesn t make any more Twix appear,positive
296,taehyung: me                   with my                                   baby star candy https://t.co/iKmkYiYPlW,taehyung me with my baby star candy,neutral
297,taehyung: me                   with my                                   baby star candy https://t.co/iKmkYiYPlW,taehyung me with my baby star candy,neutral
298,taehyung: me                   with my                                   baby star candy https://t.co/iKmkYiYPlW,taehyung me with my baby star candy,neutral
299,taehyung: me                   with my                                   baby star candy https://t.co/iKmkYiYPlW,taehyung me with my baby star candy,neutral
