username,tweet
Gilly_805,@pussyslayer314 All they know is play candy crush and be racist on facebook
llrbbh,candyâ™¡ https://t.co/cYVTUEdYWd
anamikash009,I'm cool with people dressing up as Eleven for Halloween. I definitely want to open my door and give them candy.TEJRAN SLAYING TOGETHER
greytoru,"ğŸ„It's beginning to look a lot like Christmas â„ï¸Everywhere you goâ³Take a look at the five and ten, it's glistening once againğŸ­With candy canes and silver lanes that glow #bombcrypto #BCOIN #BSC #GameFi #NFTGame https://t.co/LpzdghaZIk"
taekookplus,Our lovely jubbly and his baby star candy vibing and dancing cutely ğŸ¥ºhttps://t.co/y0gMdMZDQq
ultsthv,Our lovely jubbly and his baby star candy vibing and dancing cutely ğŸ¥ºhttps://t.co/y0gMdMZDQq
vantaekoobear,taehyung: me                   with my                                   baby star candy https://t.co/iKmkYiYPlW
VEXIKKU,Another Candy Cane #TextileDesign https://t.co/VMkJStOGG6
AljawharahMans1,@MaherEbsi @maalbarakati The Cambridge Dictionary of American Idioms says â€œlike taking candy from a babyâ€ means â€œextremely easy.â€
BotObject,Sushi said Lucario x Cotton Candy is bad!
ShadakshariGow3,I'm cool with people dressing up as Eleven for Halloween. I definitely want to open my door and give them candy.TEJRAN SLAYING TOGETHER
vantegohg,taehyung: me                   with my                                   baby star candy https://t.co/iKmkYiYPlW
younas_eman,taehyung: me                   with my                                   baby star candy https://t.co/iKmkYiYPlW
dearleesujeong,141207 Candy Jelly Love ğŸ’™â–¶ï¸ https://t.co/lHhvZA8Dvb#LOVELYZ #ëŸ¬ë¸”ë¦¬ì¦ˆ #BABYSOUL #ë² ì´ë¹„ì†Œìš¸ #LEESUJEONG #ì´ìˆ˜ì • @Official_LVLZ @LEESUJEONG https://t.co/CjnI7QjWGP
winssscityx,ğŸ”¥ $100K $MMR Sweet Candy Airdrop launchedğŸ­ğŸ‘‡$10 $MMR âœ… Follow &amp; reweetâœ… Follow telegram group &amp; channelâœ… Referral: $3 $MMR Distribution after 1 week endğŸ‰Start here: https://t.co/pavK89lPJuTutorial check: https://t.co/zaIIOgo0yw #airdrop #Giveaways #MMRS
bot_nutty,NO ONE ALLOWED TO TOUCH MY CANDY D:
botshevic,"if neither cities if lab, those cloud as sake, whether against whence, tarn, proper movies, industrial foreheads, himself it's children? Of before every prose indians below free-born carts, though for drench, o along behold candy."
maytrixks,Cerulean Candy Canes skins for @froubery @theawesamdude @vGumiho and @Ryguyrocky!!HBomb sweater ğŸ™Œ#ceruleancandycanes #mccfanart #MCCSkins #awesamdudefanart #fruitberriesfanart #gumihofanart #ryguyrockyfanart https://t.co/dbyjgZ8Est
komali_kuncham,I'm cool with people dressing up as Eleven for Halloween. I definitely want to open my door and give them candy.TEJRAN SLAYING TOGETHER
litoltaee,taehyung: me                   with my                                   baby star candy https://t.co/iKmkYiYPlW
RealBrownViking,@Candy_woof Smol cute friendly sleepy
my_thv,taehyung: me                   with my                                   baby star candy https://t.co/iKmkYiYPlW
candy_koa1a,SHE IS SO PRETTY https://t.co/yZ2Ckag8es
fluxfm_berlin,"08.12. 11:03 Uhr: Marcy Playground ""Sex &amp; Candy"""
printgarageiain,Deep In It Limited edition screen printEdition of 1842 X 29.7cm5 colours on Candy Pink GF Smith paper.Â£45 plus postagehttps://t.co/BcadgkKCld https://t.co/cHtQmL45lb
Nicxs77,"@KrissyPeterssen I just buy brown paper from any shop, Checkers, PnP, stationer. I prefer the matte brown paper, as you can also get a slightly shiny one. Add a little greenery, some twine and maybe a candy cane. (Really not a great photo though) https://t.co/K9KLoFYvFZ"
ArthurMorganP15,@NaconFR @POCOFrance Candy Crush ğŸ¤ğŸ€
PurpleLifeBTS,"Story time:my baby is army confirmed.So. I woke up early today. And usually I a can feel my baby movements,but to day even after an hour of waking up I couldn't feel any movements, and I panicked. Drank some warm water..no use Ate some candy ..no use, walked,, nothing happened"
Michele99103479,"@FeCrypto @Sik_wit_it_jive @rikoruss31 @thehill She's arm candy and damn cut down the makeup. Her eye makeup gets any heavier she's gonna need a man to let her know what she's looking towards. Come on, the smoky eye is a nice look but her eyes are ready to actually smoke. Anything to hide AGING GRACEFULLY."
TejRan77528945,I'm cool with people dressing up as Eleven for Halloween. I definitely want to open my door and give them candy.TEJRAN SLAYING TOGETHER
themecoles,"Stanhope, I was outside with the St*ja girl , and we had this long ass good talk about just I guess our insecurities etc, but before she came over I was walking went to the candy store at this house up the street. I was listening to it. I think I played it like two or 3 times."
Candy_BSP_RCIC,@voiceof66216729 Please send email to info@heronlaw.ca
pussyslayer314,"seeing old people on social media is crazy cause back in the day they didnâ€™t even have touchscreens, the tv had an antenna, they witnessed historical events that shaped our country to what it is today, and now they just play candy crush"
taekthsyndrome,taehyung: me                   with my                                   baby star candy https://t.co/iKmkYiYPlW
ZorokiRed,Blooper using the Bowser Candy. https://t.co/FprgxNpz2X
kellytupi,It's #NationalCottonCandyDay &amp; what better way to sweeten the day than WINNING shreds of Curveball Cotton Candy â€¼ï¸ğŸ¬RT this postğŸ¬Tag 2 friendsğŸ¬Comment your favorite Cotton Candy GIFWinner will be announced 12/10 https://t.co/JsNHiEqJ5l
babygiii,I'm now really crying for the Candy replyğŸ˜­Miss mewgulf so so so so badlyğŸ¥ºHope to see them soonğŸ™ğŸ»#MewGulf#à¸«à¸§à¸²à¸™à¹ƒà¸ˆà¸¡à¸´à¸§à¸à¸¥à¸±à¸Ÿ https://t.co/NvWtpgas0G
SanthiyaSuresh7,I'm cool with people dressing up as Eleven for Halloween. I definitely want to open my door and give them candy.TEJRAN SLAYING TOGETHER
DanceMomsMusic,It's #NationalCottonCandyDay &amp; what better way to sweeten the day than WINNING shreds of Curveball Cotton Candy â€¼ï¸ğŸ¬RT this postğŸ¬Tag 2 friendsğŸ¬Comment your favorite Cotton Candy GIFWinner will be announced 12/10 https://t.co/JsNHiEqJ5l
itsericsanchez,"ğŸ„It's beginning to look a lot like Christmas â„ï¸Everywhere you goâ³Take a look at the five and ten, it's glistening once againğŸ­With candy canes and silver lanes that glow #bombcrypto #BCOIN #BSC #GameFi #NFTGame https://t.co/LpzdghaZIk"
Jiniousjoon,"Story time:my baby is army confirmed.So. I woke up early today. And usually I a can feel my baby movements,but to day even after an hour of waking up I couldn't feel any movements, and I panicked. Drank some warm water..no use Ate some candy ..no use, walked,, nothing happened"
bangtan_tram,taehyung: me                   with my                                   baby star candy https://t.co/iKmkYiYPlW
Leona975,"ğŸ„It's beginning to look a lot like Christmas â„ï¸Everywhere you goâ³Take a look at the five and ten, it's glistening once againğŸ­With candy canes and silver lanes that glow #bombcrypto #BCOIN #BSC #GameFi #NFTGame https://t.co/LpzdghaZIk"
tejranxfanboy,I'm cool with people dressing up as Eleven for Halloween. I definitely want to open my door and give them candy.TEJRAN SLAYING TOGETHER
taeorso,taehyung: me                   with my                                   baby star candy https://t.co/iKmkYiYPlW
jeonkg_,taehyung: me                   with my                                   baby star candy https://t.co/iKmkYiYPlW
paulh4224,"1/n Maturity of markets change. Make sure your filters do too. Overlook started off allergic to investing in China in the 80â€™s. They changed their mind in the 90â€™s when they found high quality (Seeâ€™s candy-esque) businesses (Kingboard, Weigao). China is now 55% of AUM."
TheCraggus,Day 8 of our #ElfMovie #AdventCalendar.Todayâ€™s piece: One third of a candy cane!#countdowntochristmas #buddytheelf https://t.co/86O9PoiXU6
buzzfeednifty,From sure-to-please things like candy and cozy robes to heart-tugging finds like personalized puzzles and relationship journals. https://t.co/qwJH5tGd1N
winterden_,winrina / jiminjeong one shot auCandy https://t.co/snrUWbyogm
ckausalye,Gotra cannot be distributed as freely as candy. Bengali Brahmin surnames aren't your personal property.Swami Vivekananda mentions in the rules of RKM (which he framed) that Muslims and Christians shd be converted to Hinduism but immediate upanayan samskaras aren't required. https://t.co/zn1T2Fzweg https://t.co/Z3UPxT8TrB
endless_ve,Our lovely jubbly and his baby star candy vibing and dancing cutely ğŸ¥ºhttps://t.co/y0gMdMZDQq
kjuri1111,Our lovely jubbly and his baby star candy vibing and dancing cutely ğŸ¥ºhttps://t.co/y0gMdMZDQq
kids_bored,Your Kids will love this great candy themed craft https://t.co/xOBoqu2TdM #playdough #candy #homecraft #home
Villaretauna,taehyung: me                   with my                                   baby star candy https://t.co/iKmkYiYPlW
baekhyunn_candy,"Thanks to the bbhls ONLY to be always so reactive and organized, we can really count on them to defend Baekhyun"
MnM_Candy,TRINITY 1ST FULL ALBUM - EP.01 BREATHLIFE AIN'T OVER | JACKIE - PHOTO CONCEPT #04OFFICIAL M/V RELEASE ON 9 DECEMBER 2021 | 7 PM  YOUTUBE : 4NOLOGUE#LifeAintOver_TEASER#TRINITY_EP01BREATH#TRINITY1stFullAlbum#TRINITY_TNT#4NOLOGUE https://t.co/Ic9Y1P0gPe
Preetty61483335,I Can Be Mean As Fuck. Sweet As Candy. Cold As Water. Evil As Hell Or Loyal As Shoulder. It All Depends On You.TEJRAN SLAYING TOGETHER
koobaery,taehyung: me                   with my                                   baby star candy https://t.co/iKmkYiYPlW
mac1ntosh420,hey? hey devsis? what the actual fuck. WHY DID YOU CHANGE STORY MODE IT WAS LITERALLY THE ONLY WAY TO GET SOME COOKIES CANDY INGREDIENTS. ?!?!? https://t.co/GyTopWG0ZO
BallyknockenHCS,"Later today on Instagram, our @CfulvioÂ will be sharing her recipe &amp; method for this festive Candy Cane Carprese Platter to shareğŸ„ğŸ„Check out her Instagram here: https://t.co/SJgDqAFyAI#catherineschristmasrecipes #candycanecarprese #carpreseplatter #mozzarella #tomato https://t.co/JyV1DES2ZT"
Warpaint_Mag,"Salon System nail expert Julie-Anne LariviÃ¨re, has created this Candy Cane nail design just in time for Christmas.https://t.co/fWD1Jgfxbd#warpaint_mag #WarpaintExtra #NailArt #StepByStep #Manicure #Gellux #SalonSystem #HomeManicure #christmas #ChristmasNails #NailArtistry https://t.co/o9iFU8xcVx"
deepspaceradio_,"Candy Store Original Mix Cajua, 100% Of Dissin U, Joint Movement Project - Find A Love -REMASTERED- BC Exclusive - 04 Find A Love (Spencer Kincy Tribute Mix).wav all coming up this hour on https://t.co/zxcC0yMFnd"
wiseoeglife,The one where songhwaâ€™s eyes gushed out candy hearts. ğŸ˜(also the one where i find out iâ€™m in this for life. Oh this Canon ep ğŸ¥ºâ¤ï¸â€ğŸ”¥) https://t.co/SDTKjJzd3H
love4tomatoes,new seasonal items have been listed! ğŸ’•â„ï¸look extra festive this christmas with candy canes on your ears and cookies on your head (Â´â–½`ÊƒÆª)â™¡link to my shop is in my bio! ğŸ’“ https://t.co/WFwR0xYxx1
ggg17173,Our lovely jubbly and his baby star candy vibing and dancing cutely ğŸ¥ºhttps://t.co/y0gMdMZDQq
positivekirari,"Kirarin looooves all sweet things, like candy, cakes, and cookies..... and the sweetest of all, you~!"
candy_brides,New photos update https://t.co/3fqRERCbvs
Lepub,"This Saturday, Clockwork Aeroplane, @oxbowlakemusic and Candy Mountain bring three boisterous sets of unique, original and acoustic music to our ears. Â£5 on the door. Don't miss it! ğŸ¸ğŸ‘‰ https://t.co/Rbjr4a48wG https://t.co/8iItWKwmK5"
Vante_gukk,taehyung: me                   with my                                   baby star candy https://t.co/iKmkYiYPlW
suhezzian,taehyung: me                   with my                                   baby star candy https://t.co/iKmkYiYPlW
volspec,Elf &amp; Safety is extremely important for Viktorâ€™s usual role in Candy Cane manufacturing.This week he has been assisting our qualified First Aiders in making sure our accident procedure and First Aid kits are ready in the unlikely event of an emergency. #ViktorTheVolspecElf https://t.co/Q0qyMj8ajb
KitsuragisBong,so far the past 2 days I havemissed yesterday's shiftwoke up latehave an overload of customersso many little things went wrong.almost freaked out w a party of 6 customerssame party wanted a bday thing for a member: we don't do that there.my dog ate a mini candy tonight
StackbitG,"ğŸ„It's beginning to look a lot like Christmas â„ï¸Everywhere you goâ³Take a look at the five and ten, it's glistening once againğŸ­With candy canes and silver lanes that glow #bombcrypto #BCOIN #BSC #GameFi #NFTGame https://t.co/LpzdghaZIk"
komali_kuncham,I Can Be Mean As Fuck. Sweet As Candy. Cold As Water. Evil As Hell Or Loyal As Shoulder. It All Depends On You.TEJRAN SLAYING TOGETHER
noevistee,"Owen brought the candy apple to his lips as if to kiss it.Startled, Mithraâ€™s breath caught in his throat."
ENOZI_ff,"Swedish Fish (Yes, The Candy) Is Simping For BTSâ€™s Jinhttps://t.co/ZSh3CppOpW"
shalzpt,"ğ‘«ğ’‚ğ’š 3 ""ğ‘·ğ’‚ğ’•ğ’„ğ’‰ğ’˜ğ’ğ’“ğ’Œ""Sweet like a candy ğŸ¬ğŸ­@Wharf_Ent @zepeto_official#WharfFashionChallenge #ZEPETO https://t.co/MQ6Li5gnuQ"
iwaffleu,unbelievers is not a smut fic its about self acceptance and friendship and relationships and family issues and so much more but all yall talk abt is gold glitter and candy shop im so tired https://t.co/ufcsSZnbO0
CaliCatWwoman,"ğŸ†˜CODE REDğŸ†˜TBD THU 12/9/21ğŸ†˜ğŸ’“HIDING, SCARED 2YO WHITE &amp; #TABBY KITTY ""CANDY""ğŸ’“ğŸ˜¾ğŸ’”DUMPED 4 BEING BULLIED BY OTHER CATS IN THE HOMEğŸš¨NEEDS #ADOPTION #RESCUE #FOSTER ASAPğŸš¨ğŸš¨128966 https://t.co/R1ZFDA4OQrğŸ™ğŸ½#ADOPT #PLEDGE #AdoptDontShop#BROOKLYN #NYCACC #CAT #CatsofTwitter https://t.co/Er6SQpY4O9"
rmvbroo,taehyung: me                   with my                                   baby star candy https://t.co/iKmkYiYPlW
yourlovebangtan,taehyung: me                   with my                                   baby star candy https://t.co/iKmkYiYPlW
LibertyAID1,"ğŸ†˜CODE REDğŸ†˜TBD THU 12/9/21ğŸ†˜ğŸ’“HIDING, SCARED 2YO WHITE &amp; #TABBY KITTY ""CANDY""ğŸ’“ğŸ˜¾ğŸ’”DUMPED 4 BEING BULLIED BY OTHER CATS IN THE HOMEğŸš¨NEEDS #ADOPTION #RESCUE #FOSTER ASAPğŸš¨ğŸš¨128966 https://t.co/R1ZFDA4OQrğŸ™ğŸ½#ADOPT #PLEDGE #AdoptDontShop#BROOKLYN #NYCACC #CAT #CatsofTwitter https://t.co/Er6SQpY4O9"
fukasenanairo,yfw when as long as oberon eye candy exists nothing else mattersthis is fgo zen
taellectual1,Our lovely jubbly and his baby star candy vibing and dancing cutely ğŸ¥ºhttps://t.co/y0gMdMZDQq
chichiii_7_4,these pictures screams sour candy mv* @blackpink https://t.co/wCKxrxSXC7
KaranArmy18,I Can Be Mean As Fuck. Sweet As Candy. Cold As Water. Evil As Hell Or Loyal As Shoulder. It All Depends On You.TEJRAN SLAYING TOGETHER
yoonminimoniot7,"#FBSPHGO #TWICE[Pre-order] [Restock]â–ªTWICE CANDY BONG Z - PHP 2550ORDER FORM: https://t.co/HVwUvRhano ğŸ’¸ Pay half of the price as you orderğŸ’¸ Balance: December 30, 2021 ğŸ’¯ Official from Korea and SealedğŸ’¯ with freebies from our shopğŸ“ŒNormal ETA https://t.co/dDQO0ZQz2a"
thiqtan,taehyung: me                   with my                                   baby star candy https://t.co/iKmkYiYPlW
Trash_Candy,#Onmyoji I got a brand new rare skin! Check it out and try your luck!Lo primero es lo primero uwu https://t.co/ChJvAcmVc0
Nice40bye,Do not forget to add sorrel gourmet compound in your baking list. To enjoy the smooth and intense flavour try it now..........https://t.co/ZOvZtX54cn#niceconfectionery #byebyebrand #candy #chocolate #lolipop #toffee  #chocolate #byebyebrand #chocolatelover #choco https://t.co/gTtW5TajHN
jjkgooogie,taehyung: me                   with my                                   baby star candy https://t.co/iKmkYiYPlW
Candy__Spice,Night City #Cyberpunk2077 https://t.co/YSfDKYx4Em
seonyondan13,Our lovely jubbly and his baby star candy vibing and dancing cutely ğŸ¥ºhttps://t.co/y0gMdMZDQq
splendidggukie,taehyung: me                   with my                                   baby star candy https://t.co/iKmkYiYPlW
ca___aaa,taehyung: me                   with my                                   baby star candy https://t.co/iKmkYiYPlW
milkygukkie,taehyung: me                   with my                                   baby star candy https://t.co/iKmkYiYPlW
OuibusOrdinaire,Blooper using the Bowser Candy. https://t.co/FprgxNpz2X
OHMNNN9,à¸£à¹‰à¸²à¸™ Sweet Day à¸‚à¸™à¸¡à¸à¹‡à¸­à¸£à¹ˆà¸­à¸¢ à¹à¸¥à¸°à¸«à¸™à¸¸à¹ˆà¸¡à¹† à¸à¹‡à¸™à¹ˆà¸²à¸£à¸±à¸Desserts from Sweet Day cafÃ© are delish and the boys are eye candy too. ğŸ°ğŸª SWEET DAY PIN | à¹€à¸‚à¹‡à¸¡à¸à¸¥à¸±à¸” SWEET DAY https://t.co/tKmC7JUhmn#Bakerboys #GMMTV https://t.co/LdwaQnQPqc
Tiya9597,taehyung: me                   with my                                   baby star candy https://t.co/iKmkYiYPlW
trixie_yerro,taehyung: me                   with my                                   baby star candy https://t.co/iKmkYiYPlW
tejranxfanboy,I Can Be Mean As Fuck. Sweet As Candy. Cold As Water. Evil As Hell Or Loyal As Shoulder. It All Depends On You.TEJRAN SLAYING TOGETHER
nancypark07,I'm now really crying for the Candy replyğŸ˜­Miss mewgulf so so so so badlyğŸ¥ºHope to see them soonğŸ™ğŸ»#MewGulf#à¸«à¸§à¸²à¸™à¹ƒà¸ˆà¸¡à¸´à¸§à¸à¸¥à¸±à¸Ÿ https://t.co/NvWtpgas0G
scheerenberger,"Legalization = FAIL ""Our findings suggest that cannabis legalization is linked to increased exposures, particularly for products such as gummies and candy edibles among children under the age of thirteen"" https://t.co/vIRHzK0t6i"
candy_clowns,Scared of Omicron? Have a listen to how theyâ€™re creating something out of nothing â¬‡ï¸Full video in next tweet. https://t.co/bENclBFJT0
Candy_Moon_017,Another win under the MCU belt! ğŸ¥‡@LokiOfficial is #TheShow of 2021! #PCAs https://t.co/BhsDvqqdlx
XenoGenders_,"&gt; dalgonagendera gender connected to the traditional korean candy dalgona . this gender could be connected to squid game , but doesn't have to becoined by gender-merchant on tumblr!!//#xenogender #xenogenders #xenictwt #MOGAI// https://t.co/zLqhUy5fOi"
Stress_remover1,@pplR_fake Yr wo roi ki tarha jo candy hoti??? Jske packet me nakli note b dale hote??? Wo cotton candy usy kehte thy burhiya k bal
DeosTomates,@DeosTomates a new tik tok candy i guess
hobson_mlati,"Candy Crush brings in a reported $633,000 a day inÂ revenue"
Guniorhier,@DeosTomates a new tik tok candy i guess
Candy_Moon_017,Holy crap https://t.co/eBOI2NC1fD
MINGINAKAMOTO,#JAEHYUN: she thinks sheâ€™s made of candy https://t.co/1d1eHBwH7x
Tej04638601,I Can Be Mean As Fuck. Sweet As Candy. Cold As Water. Evil As Hell Or Loyal As Shoulder. It All Depends On You.TEJRAN SLAYING TOGETHER
byunger_12,".@B_hundred_Hyun's ""Candy"" ranks #1 on Deezer's Top South Korea chart. https://t.co/mKbhekRhzi"
Candy_cherriez,My drawing feels like a memory https://t.co/O20Ef2Tdpf
bangtandreita7,taehyung: me                   with my                                   baby star candy https://t.co/iKmkYiYPlW
kookprettiest,taehyung: me                   with my                                   baby star candy https://t.co/iKmkYiYPlW
lovrkimth,taehyung: me                   with my                                   baby star candy https://t.co/iKmkYiYPlW
lachimolalart,taehyung: me                   with my                                   baby star candy https://t.co/iKmkYiYPlW
Candy_cherriez,"My bank account and my taste donâ€™t match, and it really upsets me."
kurtgon15,Heart Shaker so my Candy Pop! #MAMAVOTE #twice
JakeDault,Holiday Dress #candycanes #bows #holidays #red #supercute #giftsforher #giftshop #RBandME #findyourthing #peppermint https://t.co/mNP98fIVwu
yeonzflr,taehyung: me                   with my                                   baby star candy https://t.co/iKmkYiYPlW
BjikookRKrxt,taehyung: me                   with my                                   baby star candy https://t.co/iKmkYiYPlW
ittoquotebot,"Lollipops are pretty much the best thing ever. The candy tastes awesome, but also, it looks really cool just having a stick hanging out of your mouth. It gives me, like... a real punk kind of vibe. Here, you try it!"
FYChockeytalk,"ğŸ†˜CODE REDğŸ†˜TBD THU 12/9/21ğŸ†˜ğŸ’“HIDING, SCARED 2YO WHITE &amp; #TABBY KITTY ""CANDY""ğŸ’“ğŸ˜¾ğŸ’”DUMPED 4 BEING BULLIED BY OTHER CATS IN THE HOMEğŸš¨NEEDS #ADOPTION #RESCUE #FOSTER ASAPğŸš¨ğŸš¨128966 https://t.co/R1ZFDA4OQrğŸ™ğŸ½#ADOPT #PLEDGE #AdoptDontShop#BROOKLYN #NYCACC #CAT #CatsofTwitter https://t.co/Er6SQpY4O9"
jessicalllovely,@WendyGGA @jacquesmcclary1 I'm doin my paper work. But would be nice to have some eye candy too
Candy_Moon_017,I know you are all psyched about my awards but I just hugged Tom Hiddleston and I'm still in shock
QuartzUniverse,"So, you from around here? I'm just here on business... I really like your pink fur. You're like the cotton candy of the jungle!"
ThaJet2,IT DOESNâ€™T MATTER IF YOU WIN THE GRAMMYSâ€¼ï¸ You can take your Grammy nominationâ€¦ shine it up real niceâ€¦ turn it sideways and SHOVE IT UP YOUR CANDY ASS. Cuz 2022â€¦ The Rock is comingâ€¦ BACKâ€¦ to the music scene https://t.co/C0hK22ghg9
_baekachu_,"@baekhyunn_candy I deactivated bc of this, it gave me anxiety ğŸ’€"
Metawarslive,"@HodlrDotRocks Well hell. Its finally nice to see people on the blockchain that say that. Most here can wait to stick a chip up the back side , Hey chief when you get tired of BTC it s lole taken candy from babies on this side of the pond."
venthepenguin,@venthepenguin â€” aus !!â€” penguins (they're so cute ğŸ˜­)â€” candy cane
mintan417,Our lovely jubbly and his baby star candy vibing and dancing cutely ğŸ¥ºhttps://t.co/y0gMdMZDQq
jeonhvny,Our lovely jubbly and his baby star candy vibing and dancing cutely ğŸ¥ºhttps://t.co/y0gMdMZDQq
FrankieMets,It's #NationalCottonCandyDay &amp; what better way to sweeten the day than WINNING shreds of Curveball Cotton Candy â€¼ï¸ğŸ¬RT this postğŸ¬Tag 2 friendsğŸ¬Comment your favorite Cotton Candy GIFWinner will be announced 12/10 https://t.co/JsNHiEqJ5l
Arnoldll56431,"ğŸ„It's beginning to look a lot like Christmas â„ï¸Everywhere you goâ³Take a look at the five and ten, it's glistening once againğŸ­With candy canes and silver lanes that glow #bombcrypto #BCOIN #BSC #GameFi #NFTGame https://t.co/LpzdghaZIk"
maria4L29,"Turkey, eggnog, candy-cane HEY HO"
bangtan_7_army7,taehyung: me                   with my                                   baby star candy https://t.co/iKmkYiYPlW
baekhyunn_candy,@kimjuncottonOT9 they cover it here and there in 2021ğŸ˜‹
rainxtaekook,taehyung: me                   with my                                   baby star candy https://t.co/iKmkYiYPlW
garrodwinter,"Kier, it's an easy home run. It's an open goal. It's candy from a baby."
baekhyunn_candy,@_baekachu_ if this happens they gonna s word me https://t.co/jKwFNQhiXf
ClitInquirer,"As I watch a lot of black movies from the 90â€™s and 2000â€™s I realize black directors couldâ€™ve made a universe out of them.Like in â€œthink like a manâ€ Regina Hall character name was Candace, a single mom looking for love and in â€œThe Best Manâ€ her name was candy, a stripper."
kootie97,taehyung: me                   with my                                   baby star candy https://t.co/iKmkYiYPlW
thkooky,taehyung: me                   with my                                   baby star candy https://t.co/iKmkYiYPlW
9597priv,taehyung: me                   with my                                   baby star candy https://t.co/iKmkYiYPlW
Sunny81775207,"@AznableDreams @HeebPunished @jacfalcon @writriverdale @StMarthaCath @theskyscribe Probably so. I think Wreck-It-Ralph was the biggest culmination of the Gen Z innocence during that pre-2014 time.Pre-DLC Season Pass gaming, Dubstep, Owl City, candy, and a relatively wholesome plot of a ""bad guy"" seeking redemption.It's a time capsule."
infinitehui_,IC WTS LFB PHTWICE Official Lightstick Candy Bong Z ver. 2- Onhand- 10/10 condition- The box has some damages but the lightstick itself is in perfect condition- can connect to Bluetoothprice: 1750 (1500 if PAYO)mod: shopee checkoutcan send more proofs via dm https://t.co/h3f2eU0yWR
Synyster63,@ConcernedinPV @Jetson77 @Argusarrow @jeff77531528 @alshadowdancer @pan_dejo_ @SnoJustis @Angel_13_Rising @AnnieAdeIe1 @EthanolFree90 @Evry1H8sGrtzLOL @Sinner_Lilith @EatMe1369 @ItsBT50 @J0anofSarc @giddy_bunny @Flattielover @CABImages @PennyLynn3 @LadyOfTheOcean1 @Arizona_Sheriff @ThePoorMan95 @LarryWoolfolk2 @NanetteDonnelly @JackSpratCat @PaigeMiIner @cloudzzz757 @LisaNicholo @skeeduu @InfectiousMasc1 @MarkHoliday17 @TreatHunterDog @Emma34770971 @furcopalypse @vistaproper @Klee34036780 @Allie4Christ @IMFletcherLives @waywardmegan15 @jerbear714 @schmevil @imvala @misshellca @RushvilleRockit @Cassie_Cascio @chriscr66024638 @AnaSsassin_ @VinceGottalotta @Grmpyii @SuP3rK You jumped into a convo yesterday saying my kids must not be alright because Iâ€™ve adopted 3. Iâ€™ve adopted 2. My daughter has epilepsy and became addicted to opioids because the doctors gave them to her like candy. She was 18 when it revealed itself and I had no control. 1/2
Luv_Bangtan_OT7,"Story time:my baby is army confirmed.So. I woke up early today. And usually I a can feel my baby movements,but to day even after an hour of waking up I couldn't feel any movements, and I panicked. Drank some warm water..no use Ate some candy ..no use, walked,, nothing happened"
weelaineylady,"@RebeccaRideal I donâ€™t know how they sleep at night.Pretty well I suppose, they must do.My uncle died from covid right back at the start of the pandemic, alone. My aunt couldnâ€™t be with him and few people allowed at his funeral. Yet those people were enjoying nose candy and laughing at us."
Candy__Spice,@3mpireTimes @RockstarGames @RedDeadVibes @RedDeadNet @NemesisNat @iEricof @Rum_raisin32 @McRagstig @Dande_Lion55 @azuazu1202luna Thank you Empicorn ğŸ¦„
yeonseung_,"#FBSPHGO #TWICE[Pre-order] [Restock]â–ªTWICE CANDY BONG Z - PHP 2550ORDER FORM: https://t.co/HVwUvRhano ğŸ’¸ Pay half of the price as you orderğŸ’¸ Balance: December 30, 2021 ğŸ’¯ Official from Korea and SealedğŸ’¯ with freebies from our shopğŸ“ŒNormal ETA https://t.co/dDQO0ZQz2a"
Hellope33507211,Trading neon shadow #adoptme Looking for mega parrot and candy cannon or mega parrot and mega hedgehog or 2 candy cannons and a neon frost dragon or mega crow and mega evil uniThose are what I want for my NFR Shadow comment if u wanna offer my NFR shadow
minpjmz,taehyung: me                   with my                                   baby star candy https://t.co/iKmkYiYPlW
94osh6cityx,ğŸ”¥ $100K $MMR Sweet Candy Airdrop launchedğŸ­ğŸ‘‡$10 $MMR âœ… Follow &amp; reweetâœ… Follow telegram group &amp; channelâœ… Referral: $3 $MMR Distribution after 1 week endğŸ‰Start here: https://t.co/pavK89lPJuTutorial check: https://t.co/zaIIOgo0yw #airdrop #Giveaways #MMRS
Mikiiiliii,taehyung: me                   with my                                   baby star candy https://t.co/iKmkYiYPlW
ilwkms,IC WTS LFB PHTWICE Official Lightstick Candy Bong Z ver. 2- Onhand- 10/10 condition- The box has some damages but the lightstick itself is in perfect condition- can connect to Bluetoothprice: 1750 (1500 if PAYO)mod: shopee checkoutcan send more proofs via dm https://t.co/h3f2eU0yWR
L0VE4JJK,taehyung: me                   with my                                   baby star candy https://t.co/iKmkYiYPlW
taehyflm,taehyung: me                   with my                                   baby star candy https://t.co/iKmkYiYPlW
Pvanteiz,taehyung: me                   with my                                   baby star candy https://t.co/iKmkYiYPlW
jJwoej193,taehyung: me                   with my                                   baby star candy https://t.co/iKmkYiYPlW
PreetieJules,"@luC_candy I am, thanks ğŸ˜˜"
sorijilleoV,taehyung: me                   with my                                   baby star candy https://t.co/iKmkYiYPlW
deeznotlaydz,IC WTS LFB PHTWICE Official Lightstick Candy Bong Z ver. 2- Onhand- 10/10 condition- The box has some damages but the lightstick itself is in perfect condition- can connect to Bluetoothprice: 1750 (1500 if PAYO)mod: shopee checkoutcan send more proofs via dm https://t.co/h3f2eU0yWR
plushiiegore,My mom got me sour candy belts.I am happy now.
namorii_,taehyung: me                   with my                                   baby star candy https://t.co/iKmkYiYPlW
Jowellaa17,ğŸ”¥ $100K $MMR Sweet Candy Airdrop launchedğŸ­ğŸ‘‡$10 $MMR âœ… Follow &amp; reweetâœ… Follow telegram group &amp; channelâœ… Referral: $3 $MMR Distribution after 1 week endğŸ‰Start here: https://t.co/pavK89lPJuTutorial check: https://t.co/zaIIOgo0yw #airdrop #Giveaways #MMRS
TRUESAY14,@MarciaBarrie @NpsRrt @ljlevine1 @bab_102 @rexzane1 @JtRuss21 @jewel444 @jziggs228 @BlueGME @jbminatra @Helen504 @aaustin30 @gussyupper @MxTuner58 @TRUESAY14 @HeyCanceled @LoveMyKiaraM @DrunkenCrunker Thanks sis ! I adore cotton candy! Have a lovely day sweetie ğŸ¤—ğŸ‚ğŸ’— https://t.co/wPzz6ZtEzx
sarahmnbpl,"#FBSPHGO #TWICE[Pre-order] [Restock]â–ªTWICE CANDY BONG Z - PHP 2550ORDER FORM: https://t.co/HVwUvRhano ğŸ’¸ Pay half of the price as you orderğŸ’¸ Balance: December 30, 2021 ğŸ’¯ Official from Korea and SealedğŸ’¯ with freebies from our shopğŸ“ŒNormal ETA https://t.co/dDQO0ZQz2a"
ChoiceJosh,@DegenApeAcademy is the reason candy machine exists.@DegenTrashPanda is the reason it's getting an overhaul.Carry on.
winterkth1306,Our lovely jubbly and his baby star candy vibing and dancing cutely ğŸ¥ºhttps://t.co/y0gMdMZDQq
JeffaveStl,"Take5 and warm up!  Get ready to work safe!  All employees given big red gum, cinnamon jolly rancherâ€™s and of course Take 5 candy bar. @ericgriffin86 @dan_mouw @thuberb22 @East_Iowa_UPS @jrindafernshaw https://t.co/Lh5kDzU24x"
Candy_cherriez,"ğŸ˜­Please give us an album, this teasing thing ain't it https://t.co/ELPLIkVntZ"
victor52913473,"ğŸ„It's beginning to look a lot like Christmas â„ï¸Everywhere you goâ³Take a look at the five and ten, it's glistening once againğŸ­With candy canes and silver lanes that glow #bombcrypto #BCOIN #BSC #GameFi #NFTGame https://t.co/LpzdghaZIk"
jeonhvny,taehyung: me                   with my                                   baby star candy https://t.co/iKmkYiYPlW
liyaeng,taehyung: me                   with my                                   baby star candy https://t.co/iKmkYiYPlW
FedoraMask151,"@AchievementHunt A small moment that still makes me laugh is Matt saying, ""Oh, you get to go to Grandma Nutt!"" during the Candy Land episode."
kwinbigwiiin_,ğŸ”¥ $100K $MMR Sweet Candy Airdrop launchedğŸ­ğŸ‘‡$10 $MMR âœ… Follow &amp; reweetâœ… Follow telegram group &amp; channelâœ… Referral: $3 $MMR Distribution after 1 week endğŸ‰Start here: https://t.co/pavK89lPJuTutorial check: https://t.co/zaIIOgo0yw #airdrop #Giveaways #MMRS
vntekuk_,taehyung: me                   with my                                   baby star candy https://t.co/iKmkYiYPlW
Hanya_Candy,$100 GIVEAWAY â€¢ Retweet &amp; Follow @quizarenaioâ€¢ RT their ğŸ“Œ Ends in 24 hours https://t.co/dBOPAFXOXn
tvhyung_,taehyung: me                   with my                                   baby star candy https://t.co/iKmkYiYPlW
winterbear_0930,taehyung: me                   with my                                   baby star candy https://t.co/iKmkYiYPlW
yuqi_ya,taehyung: me                   with my                                   baby star candy https://t.co/iKmkYiYPlW
veensmoke,@syisla yes me lang to hybrid HAHAHAHAH candy &amp; donut !!
JakeDault,Candy Shoppe for the Holiday's #RBandME #findyourthing #holidays #giftsforher https://t.co/qwQqssX30X
FairysFountain,"ayo to whoever has to stock that cart of candyâ€¦im so sorry, butyou ğŸ—£ are ğŸ—£ fucked ğŸ—£ !"
kth1fms,taehyung: me                   with my                                   baby star candy https://t.co/iKmkYiYPlW
luscifer_reborn,@TheSorites Nice I got a hundo yesterday I done have enough candy or xl to power it up gonna wait
Kai_juliamae,@iKON_INTL CandyiKONICS GATHER UP#STANWORLD #iKON @YG_iKONIC
Hanya_Candy,$100 GIVEAWAY â€¢ Retweet &amp; Follow @TuffyNFT @LorenzoNFTs @SpadesNFTEnds in 24 hours
realbryn,"When you zoom a lot of buckle, you feel full of candy cane."
kukii_nom,S-sour candy
Carstely,Trading candy set for ew set + adds in mm2
citlalinunezz,spent an hour playing candy crush.
filtxrswan,taehyung: me                   with my                                   baby star candy https://t.co/iKmkYiYPlW
flwrtaekookk,Our lovely jubbly and his baby star candy vibing and dancing cutely ğŸ¥ºhttps://t.co/y0gMdMZDQq
veensmoke,@putanginangun candy &amp; lollipop !!!!
rxnxsmxx_,the lovely jubbly ğŸ”¥ with his baby star candy ğŸŒŸ https://t.co/hQ6DLx3A7k
angreys_,@element115081 u can just call me candy ;- ; or cotton if u want but I BELIEVE IN U IS THIS THE START OF THE POKEMON THEME SOng-
WhitesBeaco,With all the candy canes being munched over the festive periodğŸ…ğŸ¼ğŸ¤make sure to include us in your daily routine to keep those smiles sparkling âœ¨ğŸ˜ğŸ“ #keepsmiling #christmascountdown #teethcleaning https://t.co/BZcMcKDYaV https://t.co/maKiI2dhHB
TheRealDSamat,"@A_9codm And you know it's bad for the teeth! You can always cut it down, orrrrr go to energy drinks with zero sugar. I do that now. But candy is my weakness. ğŸ˜”"
LuvBubblez1,Trading candy set for ew set + adds in mm2
klanaex3,"Girl my kids too, I ended up throwing the shit away cus I kept finding her with some candy some how smh lol https://t.co/tSHoFUfBsX"
iiL0vely_4c3ii,Trading candy set for ew set + adds in mm2
baekdicked,you're everything. you're on the next level. you're my candy. you're so hot . you're my loser. you're my lover. you're indeed cooking like a chef. you're the stealer of my heart and you're creeping in it. you are.
jkoobiluvs,taehyung: me                   with my                                   baby star candy https://t.co/iKmkYiYPlW
bangbangtanxot7,taehyung: me                   with my                                   baby star candy https://t.co/iKmkYiYPlW
taegerkoo,taehyung: me                   with my                                   baby star candy https://t.co/iKmkYiYPlW
Fulldayly_BTS,taehyung: me                   with my                                   baby star candy https://t.co/iKmkYiYPlW
candy_flip,â € â € â €  ğŸ¤ ã€€   ğŸ¬ğŸ¬ğŸ¬    ğŸ¬   ğŸ¬ã€€ğŸ¬   ğŸ‘‡   ğŸ¬ğŸ¬ ğŸ‘‡  ã€€  ğŸ¬ã€€ğŸ¬ã€€   ğŸ¬ã€€ ğŸ¬ã€€   ğŸ‘¢     ğŸ‘¢howdy. i'm the sheriff of candy
NanaNamaMari,"I thought Iâ€™d make keychains with them ğŸ˜­I remembered about my headcanon that Erebus likes red onions (that you can actually find in the game in this place). anyway, when he was a kid, he hid onions under his pillow like candy ğŸ˜­ğŸ¤²ğŸ» https://t.co/b5WyOToqCd"
bngtnborahaetk,taehyung: me                   with my                                   baby star candy https://t.co/iKmkYiYPlW
mygthv,taehyung: me                   with my                                   baby star candy https://t.co/iKmkYiYPlW
carats2696,"#FBSPHGO #TWICE[Pre-order] [Restock]â–ªTWICE CANDY BONG Z - PHP 2550ORDER FORM: https://t.co/HVwUvRhano ğŸ’¸ Pay half of the price as you orderğŸ’¸ Balance: December 30, 2021 ğŸ’¯ Official from Korea and SealedğŸ’¯ with freebies from our shopğŸ“ŒNormal ETA https://t.co/dDQO0ZQz2a"
girpquotes,The fact that he pushes people off the roof for some candy?
KLM52719620,[week10 - candy] ğŸ¬âœ¨#oikage #à¹‚à¸­à¸­à¸´à¸„à¸²à¹€à¸‡ #à¹‚à¸­à¸¢à¹€à¸‡ #åŠå½± #OikageWeekly #à¸ªà¸­à¸™à¹€à¸ªà¸´à¸£à¹Œà¸Ÿà¸£à¸²à¸¢à¸ªà¸±à¸›à¸”à¸²à¸«à¹Œ https://t.co/TlTaRofU73
NonRadix,"Cold night like this, some eye candy and Christmas ğŸ„ hints not even 10 stations away from home. Sidenote: the selfie isn't really for me but for the gold chained jii-sama behind me. https://t.co/94oKNI7Smn"
itsall4yanna,pink candy panda bear via https://t.co/Cv57r3ADFp
Nanaphysio,Our lovely jubbly and his baby star candy vibing and dancing cutely ğŸ¥ºhttps://t.co/y0gMdMZDQq
amaieros,@SumOf134 /  rly gets ur muse going to have fitting song right!!i do the same for candy
honeybear_hobi,taehyung: me                   with my                                   baby star candy https://t.co/iKmkYiYPlW
WofahKay1,Not mean playing candy crush to avoid getting upset in this meeting ğŸ¤£
giggleboxxx,"Fellas surprise her with her favorite candy, but her flowers, pay a bill, send her to a spa. Do something that shows her youâ€™re thinking of her, it doesnâ€™t even have to be monetary gesture just do something thoughtful."
vkjreads,taehyung: me                   with my                                   baby star candy https://t.co/iKmkYiYPlW
Siobhan_ebooks,"Nobody eats the leftover candy canes in the house except me, because they know what I'll do to them otherwise."
taeebear27,taehyung: me                   with my                                   baby star candy https://t.co/iKmkYiYPlW
kemu_smoke420,12/15ã€€ã€œhigh grade hybridRainbow Candy1.500010.45000ğŸ“®500https://t.co/imxPDl3zIS
adityajainart,@KnownOrigin_io GM care for a candy? ğŸ¬
ibloomedforyou,taehyung: me                   with my                                   baby star candy https://t.co/iKmkYiYPlW
MCHTSimsTeam,"First sim- DKA, too many candy canes! @NWSEN @pefteammchft @MidCheshireNHS great video led debrief by Dr Kidd #innovationforeveryone #simulation #CHRISTMASISCOMING https://t.co/gcEwUs6sk1"
rxnxsmxx_,Our lovely jubbly and his baby star candy vibing and dancing cutely ğŸ¥ºhttps://t.co/y0gMdMZDQq
Candy_cherriez,â€˜When Love Finds Youâ€™ episode ft my baby now out ğŸ¥°â™¥ï¸ ğŸ”— https://t.co/DdVeyf6VEv https://t.co/k6gUMQrL6i
Giis29243901,I'm now really crying for the Candy replyğŸ˜­Miss mewgulf so so so so badlyğŸ¥ºHope to see them soonğŸ™ğŸ»#MewGulf#à¸«à¸§à¸²à¸™à¹ƒà¸ˆà¸¡à¸´à¸§à¸à¸¥à¸±à¸Ÿ https://t.co/NvWtpgas0G
HallowsGiraffes,"The bears are living in a harmony through DAO, allowing owners to participate in Halloween candy bonus activities. https://t.co/ugxoVwcQsk"
WhatsOnFM1021,Sex and Candy - Marcy Playground
Flxre_V,taehyung: me                   with my                                   baby star candy https://t.co/iKmkYiYPlW
anthony_bauch,"ğŸ„It's beginning to look a lot like Christmas â„ï¸Everywhere you goâ³Take a look at the five and ten, it's glistening once againğŸ­With candy canes and silver lanes that glow #bombcrypto #BCOIN #BSC #GameFi #NFTGame https://t.co/LpzdghaZIk"
TommyVBot,@Danger_gone Great. Candy! You know Shrub. You guys get up to anything kinky?
hopeclipse_127,#TYUNNING CANDY ğŸ¬ https://t.co/SW5Abkfp7g
ichitict,âš¡âš¡ Jelly Candy just got sold for 0.01BNB ($5.85). Link: https://t.co/3PFXwdsUzP#Pentas https://t.co/yY4d8EN900
noirjunhee,Links for today's 'Raina's Biscuits and Star Candy' 7PM KST Web LinkğŸ’œ https://t.co/cG8OUeGuNCDefense FM Star Candy App Download Links Android https://t.co/SFSpuWVwdKApple https://t.co/wBGBQgRLcn
ka_bangtantk7,taehyung: me                   with my                                   baby star candy https://t.co/iKmkYiYPlW
kyleciandrei,pink candy panda bear via https://t.co/Cv57r3ADFp
bcreationsuk,"bringing a little Christmas magic to the workplace....a lovely demi arch featuring balloon present, candy cane and swirl and of course sparkling lights... https://t.co/2b77Nb9IGZ"
sareeta_ya,I'm now really crying for the Candy replyğŸ˜­Miss mewgulf so so so so badlyğŸ¥ºHope to see them soonğŸ™ğŸ»#MewGulf#à¸«à¸§à¸²à¸™à¹ƒà¸ˆà¸¡à¸´à¸§à¸à¸¥à¸±à¸Ÿ https://t.co/NvWtpgas0G
FonBhtf02,[week10 - candy] ğŸ¬âœ¨#oikage #à¹‚à¸­à¸­à¸´à¸„à¸²à¹€à¸‡ #à¹‚à¸­à¸¢à¹€à¸‡ #åŠå½± #OikageWeekly #à¸ªà¸­à¸™à¹€à¸ªà¸´à¸£à¹Œà¸Ÿà¸£à¸²à¸¢à¸ªà¸±à¸›à¸”à¸²à¸«à¹Œ https://t.co/TlTaRofU73
candy_ncit,I vote #nctdream for Worldwide Fans' Choice TOP 10 at 2021 MAMA #MAMAVOTE https://t.co/KoqxvrMQZ9
asdfgguktaes,taehyung: me                   with my                                   baby star candy https://t.co/iKmkYiYPlW
taekoociii,taehyung: me                   with my                                   baby star candy https://t.co/iKmkYiYPlW
IvyEnyonam_,Not mean playing candy crush to avoid getting upset in this meeting ğŸ¤£
Lady_Lyze,ğŸŒ¸ imagine your comfort character plopping a piece of sweet candy in your mouth ğŸ¬
kkCDk123,@psmark1821 ğŸ’•ğŸŒ™ candy 22
kthyuriya,taehyung: me                   with my                                   baby star candy https://t.co/iKmkYiYPlW
biibaabow,".@B_hundred_Hyun's ""Candy"" ranks #1 on Deezer's Top South Korea chart. https://t.co/mKbhekRhzi"
onewevegendary,Links for today's 'Raina's Biscuits and Star Candy' 7PM KST Web LinkğŸ’œ https://t.co/cG8OUeGuNCDefense FM Star Candy App Download Links Android https://t.co/SFSpuWVwdKApple https://t.co/wBGBQgRLcn
vantes_minnie,taehyung: me                   with my                                   baby star candy https://t.co/iKmkYiYPlW
stussymins,taehyung: me                   with my                                   baby star candy https://t.co/iKmkYiYPlW
G_Wizard4,@chrxstianh__ Candy cigarettes https://t.co/KG874SDB49
Flxnked,. @julieroll_ walks into the store to get candy and walks out with almond joys and mints.
BrittanyKatzam3,too much candy
minchimochi2,Our lovely jubbly and his baby star candy vibing and dancing cutely ğŸ¥ºhttps://t.co/y0gMdMZDQq
Salkanaa,taehyung: me                   with my                                   baby star candy https://t.co/iKmkYiYPlW
PD3s1gn,@ChillReemDamn Candy lady top seller
TSturvs,#love #outfit Candy Color Electric Cycling Bells https://t.co/DRVpaqCrWK https://t.co/e5VPU7IcSW
OliviaGreenMgmt,It's #NationalCottonCandyDay &amp; what better way to sweeten the day than WINNING shreds of Curveball Cotton Candy â€¼ï¸ğŸ¬RT this postğŸ¬Tag 2 friendsğŸ¬Comment your favorite Cotton Candy GIFWinner will be announced 12/10 https://t.co/JsNHiEqJ5l
07bities,taehyung: me                   with my                                   baby star candy https://t.co/iKmkYiYPlW
zero042733,Our lovely jubbly and his baby star candy vibing and dancing cutely ğŸ¥ºhttps://t.co/y0gMdMZDQq
Hanya_Candy,"$1,000 GIVEAWAYğŸ’° + one Lazy Tiger Wood Club #NFTTO ENTER:ğŸ‘‰Retweet &amp; Follow:@LazyTigerWCğŸ‘‰Join the LTWC Discord:https://t.co/jy0Fu8zmhcFor a higher chance to win:- Follow us on https://t.co/8mLnYoXPmiâ€¦- Retweet our other postsWinner announcement on 10/12âŒ›ğŸ‰ https://t.co/h6NIWxfZx6"
peachyrose__,"@sellkpopdata Candy lab pc,80k each.take all bole negoDom jateng https://t.co/EkO1QQ84kk"
icedipped,itâ€™s 3 in the morning and idk why im up thinking about a candy apple.. ğŸ˜­
IconicHyeKyo,Romance isn't always cotton candy - The Swoon Netflix #ThatWinterTheWindBlows#SongHyeKyo #JoInSung ğŸ¥°Watch this SBS drama that gave Kyo her first Daesang for dramas at NETFLIX ğŸ˜ https://t.co/ISimYNxlve
ivytkoo,taehyung: me                   with my                                   baby star candy https://t.co/iKmkYiYPlW
ArtificialAtlas,@Candy__Spice Thank you ğŸ˜ŠğŸ™
rainvvie,taehyung: me                   with my                                   baby star candy https://t.co/iKmkYiYPlW
Hanya_Candy,$100 GIVEAWAY ~ 24 HOURS â³ï¸ - RT &amp; Follow @gemhostofficial (ğŸ””)
paramourgguk,taehyung: me                   with my                                   baby star candy https://t.co/iKmkYiYPlW
Candy_cherriez,In the mood to go shake my ass at the club ğŸ¥º
minsugaaloml,taehyung: me                   with my                                   baby star candy https://t.co/iKmkYiYPlW
luC_candy,@PreetieJules Very much! Enjoy it ğŸ¥°
kimjuncottonOT9,@baekhyunn_candy i think the exos are forgetting love shot exists too
sugameows,baby star candy ever since ğŸŒŸ https://t.co/Xde29wuZnE
miIfmanipulator,living out crying in h mart by jbrekkie rn but instead of h mart its my bedroom full of candy from seafood city
artgaleos,@NNNR65 I bet he'd taste like a blueberry Icee mixed with cotton candy
minimonimisser7,"#FBSPHGO #TWICE[Pre-order] [Restock]â–ªTWICE CANDY BONG Z - PHP 2550ORDER FORM: https://t.co/HVwUvRhano ğŸ’¸ Pay half of the price as you orderğŸ’¸ Balance: December 30, 2021 ğŸ’¯ Official from Korea and SealedğŸ’¯ with freebies from our shopğŸ“ŒNormal ETA https://t.co/dDQO0ZQz2a"
JimmerThatisAll,A stranger tried to lure me into a space. They don't even have the decency to have a white van &amp; candy anymore.
kerengordon26,forbidden beach candy https://t.co/JqHwV9VPM5
luC_candy,Pregnancy privilege is a thing!ğŸ˜â¤
doeykoo,taehyung: me                   with my                                   baby star candy https://t.co/iKmkYiYPlW
Hanya_Candy,"Crypto Car Society (@ccsNFT) is going to be the next blue chip NFT! ğŸ’ğŸ‘€ğŸ”¹7,777 Unique 2D Cars!ğŸ”¸500+ Hand-drawn features!ğŸ”¹Low Supply, HQ Art, Community Driven!ğŸ”¹Expecting AT LEAST a 5X after Mint!Follow &amp; Join the Society! ğŸš€@ccsNFT - https://t.co/5Ymwl71SnY https://t.co/71U7xa1nyP"
kvhrtsluv,taehyung: me                   with my                                   baby star candy https://t.co/iKmkYiYPlW
red_candy_1004,"#ATINY! With ""The Real"" dropping as a new title track, this is the best opportunity to earn @ATEEZofficial's highest-charting single to date on the Billboard charts!""The Real"" and ""The Real (Heung Version)"" should combine points to chart together as one entry (cont) https://t.co/EWnVPaYF7t"
jekeyuwu_,taehyung: me                   with my                                   baby star candy https://t.co/iKmkYiYPlW
TheBookofGinko,"No matter how long you dig through your kidâ€™s candy stash, it doesnâ€™t make any more Twix appear."
koojeons,taehyung: me                   with my                                   baby star candy https://t.co/iKmkYiYPlW
taeVBear7,taehyung: me                   with my                                   baby star candy https://t.co/iKmkYiYPlW
vxuztn,taehyung: me                   with my                                   baby star candy https://t.co/iKmkYiYPlW
UGHTAEK00,taehyung: me                   with my                                   baby star candy https://t.co/iKmkYiYPlW
